Comittee_code,Member_name
HSII,Bruce Westerman
HSII,Raúl M. Grijalva
HSII,Doug Lamborn
HSII,Grace F. Napolitano
HSII,Robert J. Wittman
HSII,Gregorio Kilili Camacho Sablan
HSII,Tom McClintock
HSII,Jared Huffman
HSII,Paul A. Gosar
HSII,Ruben Gallego
HSII,Garret Graves
HSII,Joe Neguse
HSII,Aumua Amata Coleman Radewagen
HSII,Mike Levin
HSII,Doug LaMalfa
HSII,Katie Porter
HSII,Daniel Webster
HSII,Teresa Leger Fernandez
HSII,Jenniffer González-Colón
HSII,Melanie A. Stansbury
HSII,Russ Fulcher
HSII,Mary Sattler Peltola
HSII,Pete Stauber
HSII,Alexandria Ocasio-Cortez
HSII,John R. Curtis
HSII,Kevin Mullin
HSII,Thomas P. Tiffany
HSII,Val T. Hoyle
HSII,Jerry L. Carl
HSII,Sydney Kamlager-Dove
HSII,"Matthew M. Rosendale, Sr."
HSII,Seth Magaziner
HSII,Lauren Boebert
HSII,Nydia M. Velázquez
HSII,Cliff Bentz
HSII,Ed Case
HSII,Jennifer Kiggans
HSII,Debbie Dingell
HSII,James C. Moylan
HSII,Susie Lee
HSII,Wesley Hunt
HSII,Mike Collins
HSII,Anna Paulina Luna
HSII,John S. Duarte
HSII,Harriet M. Hageman
HSPW,Sam Graves
HSPW,Rick Larsen
HSPW,"Eric A. ""Rick"" Crawford"
HSPW,Eleanor Holmes Norton
HSPW,Daniel Webster
HSPW,Grace F. Napolitano
HSPW,Thomas Massie
HSPW,Steve Cohen
HSPW,Scott Perry
HSPW,John Garamendi
HSPW,Brian Babin
HSPW,"Henry C. ""Hank"" Johnson, Jr."
HSPW,Garret Graves
HSPW,André Carson
HSPW,David Rouzer
HSPW,Dina Titus
HSPW,Mike Bost
HSPW,Jared Huffman
HSPW,Doug LaMalfa
HSPW,Julia Brownley
HSPW,Bruce Westerman
HSPW,Frederica S. Wilson
HSPW,Brian J. Mast
HSPW,"Donald M. Payne, Jr."
HSPW,Jenniffer González-Colón
HSPW,Mark DeSaulnier
HSPW,Pete Stauber
HSPW,Salud O. Carbajal
HSPW,Tim Burchett
HSPW,Greg Stanton
HSPW,Dusty Johnson
HSPW,Colin Z. Allred
HSPW,Jefferson Van Drew
HSPW,Sharice Davids
HSPW,Troy E. Nehls
HSPW,"Jesús G. ""Chuy"" García"
HSPW,Lance Gooden
HSPW,Chris Pappas
HSPW,Tracey Mann
HSPW,Seth Moulton
HSPW,Burgess Owens
HSPW,Jake Auchincloss
HSPW,Rudy Yakym III
HSPW,Marilyn Strickland
HSPW,Lori Chavez-DeRemer
HSPW,Troy A. Carter
HSPW,Chuck Edwards
HSPW,Patrick Ryan
HSPW,"Thomas H. Kean, Jr."
HSPW,Mary Sattler Peltola
HSPW,Anthony D’Esposito
HSPW,Robert Menendez
HSPW,Eric Burlison
HSPW,Val T. Hoyle
HSPW,John James
HSPW,Emilia Strong Sykes
HSPW,Derrick Van Orden
HSPW,Hillary J. Scholten
HSPW,Brandon Williams
HSPW,Valerie P. Foushee
HSPW,Marcus J. Molinaro
HSPW,Mike Collins
HSPW,Mike Ezell
HSPW,John S. Duarte
HSPW,Aaron Bean
HSII13,Cliff Bentz
HSII13,Jared Huffman
HSII13,Robert J. Wittman
HSII13,Grace F. Napolitano
HSII13,Tom McClintock
HSII13,Mike Levin
HSII13,Garret Graves
HSII13,Mary Sattler Peltola
HSII13,Aumua Amata Coleman Radewagen
HSII13,Kevin Mullin
HSII13,Doug LaMalfa
HSII13,Val T. Hoyle
HSII13,Daniel Webster
HSII13,Seth Magaziner
HSII13,Jenniffer González-Colón
HSII13,Debbie Dingell
HSII13,Jerry L. Carl
HSII13,Ruben Gallego
HSII13,Lauren Boebert
HSII13,Joe Neguse
HSII13,Jennifer Kiggans
HSII13,Katie Porter
HSII13,Anna Paulina Luna
HSII13,Ed Case
HSII13,John S. Duarte
HSII13,Harriet M. Hageman
HSII24,Harriet M. Hageman
HSII24,Teresa Leger Fernandez
HSII24,Aumua Amata Coleman Radewagen
HSII24,Gregorio Kilili Camacho Sablan
HSII24,Doug LaMalfa
HSII24,Ruben Gallego
HSII24,Jenniffer González-Colón
HSII24,Nydia M. Velázquez
HSII24,Jerry L. Carl
HSII24,Ed Case
HSII24,James C. Moylan
HSPW05,Garret Graves
HSPW05,Steve Cohen
HSPW05,"Eric A. ""Rick"" Crawford"
HSPW05,"Henry C. ""Hank"" Johnson, Jr."
HSPW05,Thomas Massie
HSPW05,André Carson
HSPW05,Scott Perry
HSPW05,Julia Brownley
HSPW05,Bruce Westerman
HSPW05,Mark DeSaulnier
HSPW05,Brian J. Mast
HSPW05,Greg Stanton
HSPW05,Pete Stauber
HSPW05,Colin Z. Allred
HSPW05,Tim Burchett
HSPW05,Sharice Davids
HSPW05,Dusty Johnson
HSPW05,"Jesús G. ""Chuy"" García"
HSPW05,Jefferson Van Drew
HSPW05,Jake Auchincloss
HSPW05,Lance Gooden
HSPW05,Mary Sattler Peltola
HSPW05,Tracey Mann
HSPW05,Hillary J. Scholten
HSPW05,Burgess Owens
HSPW05,Dina Titus
HSPW05,Rudy Yakym III
HSPW05,"Donald M. Payne, Jr."
HSPW05,Lori Chavez-DeRemer
HSPW05,Salud O. Carbajal
HSPW05,"Thomas H. Kean, Jr."
HSPW05,Robert Menendez
HSPW05,Anthony D’Esposito
HSPW05,Eleanor Holmes Norton
HSPW05,John James
HSPW05,Frederica S. Wilson
HSPW05,Marcus J. Molinaro
HSPW05,Mike Collins
HSPW05,Aaron Bean
HSPW07,Daniel Webster
HSPW07,Salud O. Carbajal
HSPW07,Brian Babin
HSPW07,John Garamendi
HSPW07,Brian J. Mast
HSPW07,Chris Pappas
HSPW07,Jenniffer González-Colón
HSPW07,Jake Auchincloss
HSPW07,Jefferson Van Drew
HSPW07,Mary Sattler Peltola
HSPW07,Mike Ezell
HSPW07,Hillary J. Scholten
HSPW07,Aaron Bean
HSPW12,"Eric A. ""Rick"" Crawford"
HSPW12,Eleanor Holmes Norton
HSPW12,Daniel Webster
HSPW12,Jared Huffman
HSPW12,Thomas Massie
HSPW12,Chris Pappas
HSPW12,Mike Bost
HSPW12,Marilyn Strickland
HSPW12,Doug LaMalfa
HSPW12,Patrick Ryan
HSPW12,Pete Stauber
HSPW12,Robert Menendez
HSPW12,Tim Burchett
HSPW12,Val T. Hoyle
HSPW12,Dusty Johnson
HSPW12,Valerie P. Foushee
HSPW12,Jefferson Van Drew
HSPW12,Grace F. Napolitano
HSPW12,Troy E. Nehls
HSPW12,Steve Cohen
HSPW12,Lance Gooden
HSPW12,"Henry C. ""Hank"" Johnson, Jr."
HSPW12,Tracey Mann
HSPW12,Julia Brownley
HSPW12,Burgess Owens
HSPW12,Greg Stanton
HSPW12,Rudy Yakym III
HSPW12,Colin Z. Allred
HSPW12,Lori Chavez-DeRemer
HSPW12,"Jesús G. ""Chuy"" García"
HSPW12,Chuck Edwards
HSPW12,Seth Moulton
HSPW12,"Thomas H. Kean, Jr."
HSPW12,Emilia Strong Sykes
HSPW12,Anthony D’Esposito
HSPW12,John Garamendi
HSPW12,Eric Burlison
HSPW12,Dina Titus
HSPW12,Derrick Van Orden
HSPW12,Salud O. Carbajal
HSPW12,Brandon Williams
HSPW12,Jake Auchincloss
HSPW12,Marcus J. Molinaro
HSPW12,Mark DeSaulnier
HSPW12,Mike Collins
HSPW12,John S. Duarte
HSPW12,Aaron Bean
HSAS,Mike Rogers
HSAS,Adam Smith
HSAS,Joe Wilson
HSAS,Joe Courtney
HSAS,Michael R. Turner
HSAS,John Garamendi
HSAS,Doug Lamborn
HSAS,Donald Norcross
HSAS,Robert J. Wittman
HSAS,Ruben Gallego
HSAS,Austin Scott
HSAS,Seth Moulton
HSAS,Sam Graves
HSAS,Salud O. Carbajal
HSAS,Elise M. Stefanik
HSAS,Ro Khanna
HSAS,Scott DesJarlais
HSAS,William R. Keating
HSAS,Trent Kelly
HSAS,Andy Kim
HSAS,Mike Gallagher
HSAS,Chrissy Houlahan
HSAS,Matt Gaetz
HSAS,Elissa Slotkin
HSAS,Don Bacon
HSAS,Mikie Sherrill
HSAS,Jim Banks
HSAS,Veronica Escobar
HSAS,Jack Bergman
HSAS,Jared F. Golden
HSAS,Michael Waltz
HSAS,Sara Jacobs
HSAS,Mike Johnson
HSAS,Marilyn Strickland
HSAS,Lisa C. McClain
HSAS,Patrick Ryan
HSAS,Ronny Jackson
HSAS,Jeff Jackson
HSAS,Pat Fallon
HSAS,Gabe Vasquez
HSAS,Carlos A. Gimenez
HSAS,Christopher R. Deluzio
HSAS,Nancy Mace
HSAS,Jill N. Tokuda
HSAS,Brad Finstad
HSAS,Donald G. Davis
HSAS,Dale W. Strong
HSAS,Jennifer L. McClellan
HSAS,Morgan Luttrell
HSAS,Terri A. Sewell
HSAS,Jennifer Kiggans
HSAS,Steven Horsford
HSAS,Nick LaLota
HSAS,Jimmy Panetta
HSAS,James C. Moylan
HSAS,Marc A. Veasey
HSAS,Mark Alford
HSAS,Cory Mills
HSAS,Richard McCormick
HSAS02,Jim Banks
HSAS02,Andy Kim
HSAS02,Elise M. Stefanik
HSAS02,Chrissy Houlahan
HSAS02,Matt Gaetz
HSAS02,Veronica Escobar
HSAS02,Jack Bergman
HSAS02,Marilyn Strickland
HSAS02,Michael Waltz
HSAS02,Jill N. Tokuda
HSAS02,Brad Finstad
HSAS02,Donald G. Davis
HSAS02,James C. Moylan
HSAS02,Terri A. Sewell
HSAS02,Mark Alford
HSAS02,Steven Horsford
HSAS02,Cory Mills
HSAS28,Trent Kelly
HSAS28,Joe Courtney
HSAS28,Robert J. Wittman
HSAS28,John Garamendi
HSAS28,Scott DesJarlais
HSAS28,Donald Norcross
HSAS28,Mike Gallagher
HSAS28,Jared F. Golden
HSAS28,Jack Bergman
HSAS28,Sara Jacobs
HSAS28,Mike Johnson
HSAS28,Christopher R. Deluzio
HSAS28,Ronny Jackson
HSAS28,Jennifer L. McClellan
HSAS28,Nancy Mace
HSAS28,Jimmy Panetta
HSAS28,Jennifer Kiggans
HSAS28,Mark Alford
HSAG,Glenn Thompson
HSAG,David Scott
HSAG,Frank D. Lucas
HSAG,Jim Costa
HSAG,Austin Scott
HSAG,James P. McGovern
HSAG,"Eric A. ""Rick"" Crawford"
HSAG,Alma S. Adams
HSAG,Scott DesJarlais
HSAG,Abigail Davis Spanberger
HSAG,Doug LaMalfa
HSAG,Jahana Hayes
HSAG,David Rouzer
HSAG,Shontel M. Brown
HSAG,Trent Kelly
HSAG,Sharice Davids
HSAG,Don Bacon
HSAG,Elissa Slotkin
HSAG,Mike Bost
HSAG,Yadira Caraveo
HSAG,Dusty Johnson
HSAG,Andrea Salinas
HSAG,James R. Baird
HSAG,Marie Gluesenkamp Perez
HSAG,Tracey Mann
HSAG,Donald G. Davis
HSAG,Randy Feenstra
HSAG,Jill N. Tokuda
HSAG,Mary E. Miller
HSAG,Nikki Budzinski
HSAG,Barry Moore
HSAG,Eric Sorensen
HSAG,Kat Cammack
HSAG,Gabe Vasquez
HSAG,Brad Finstad
HSAG,Jasmine Crockett
HSAG,John W. Rose
HSAG,Jonathan L. Jackson
HSAG,Ronny Jackson
HSAG,Greg Casar
HSAG,Marcus J. Molinaro
HSAG,Chellie Pingree
HSAG,Monica De La Cruz
HSAG,Salud O. Carbajal
HSAG,Nicholas A. Langworthy
HSAG,Angie Craig
HSAG,John S. Duarte
HSAG,Darren Soto
HSAG,Zachary Nunn
HSAG,"Sanford D. Bishop, Jr."
HSAG,Mark Alford
HSAG,Derrick Van Orden
HSAG,Lori Chavez-DeRemer
HSAG,Max L. Miller
HSVR,Mike Bost
HSVR,Mark Takano
HSVR,Aumua Amata Coleman Radewagen
HSVR,Julia Brownley
HSVR,Jack Bergman
HSVR,Mike Levin
HSVR,Nancy Mace
HSVR,Chris Pappas
HSVR,"Matthew M. Rosendale, Sr."
HSVR,Frank J. Mrvan
HSVR,Mariannette Miller-Meeks
HSVR,Sheila Cherfilus-McCormick
HSVR,Gregory F. Murphy
HSVR,Christopher R. Deluzio
HSVR,C. Scott Franklin
HSVR,Morgan McGarvey
HSVR,Derrick Van Orden
HSVR,Delia C. Ramirez
HSVR,Morgan Luttrell
HSVR,Greg Landsman
HSVR,Juan Ciscomani
HSVR,Nikki Budzinski
HSVR,Elijah Crane
HSVR,Keith Self
HSVR,Jennifer Kiggans
HSAG15,Doug LaMalfa
HSAG15,Andrea Salinas
HSAG15,Trent Kelly
HSAG15,Marie Gluesenkamp Perez
HSAG15,Barry Moore
HSAG15,Gabe Vasquez
HSAG15,John S. Duarte
HSAG15,Chellie Pingree
HSAG15,Lori Chavez-DeRemer
HSAG29,Tracey Mann
HSAG29,Jim Costa
HSAG29,Scott DesJarlais
HSAG29,Abigail Davis Spanberger
HSAG29,Trent Kelly
HSAG29,Jahana Hayes
HSAG29,Don Bacon
HSAG29,Yadira Caraveo
HSAG29,James R. Baird
HSAG29,Jill N. Tokuda
HSAG29,Randy Feenstra
HSAG29,Chellie Pingree
HSAG29,Barry Moore
HSAG29,Darren Soto
HSAG29,Ronny Jackson
HSAG29,Donald G. Davis
HSAG29,Marcus J. Molinaro
HSAG29,Mark Alford
HSAG29,Derrick Van Orden
HSVR09,Morgan Luttrell
HSVR09,Chris Pappas
HSVR09,C. Scott Franklin
HSVR09,Christopher R. Deluzio
HSVR09,Juan Ciscomani
HSVR09,Morgan McGarvey
HSVR09,Elijah Crane
HSVR09,Delia C. Ramirez
HSVR09,Keith Self
HSVR10,Derrick Van Orden
HSVR10,Mike Levin
HSVR10,Nancy Mace
HSVR10,Frank J. Mrvan
HSVR10,C. Scott Franklin
HSVR10,Morgan McGarvey
HSVR10,Juan Ciscomani
HSVR10,Delia C. Ramirez
HSVR10,Elijah Crane
HSAP,Kay Granger
HSAP,Rosa L. DeLauro
HSAP,Harold Rogers
HSAP,Steny H. Hoyer
HSAP,Robert B. Aderholt
HSAP,Marcy Kaptur
HSAP,Michael K. Simpson
HSAP,"Sanford D. Bishop, Jr."
HSAP,John R. Carter
HSAP,Barbara Lee
HSAP,Ken Calvert
HSAP,Betty McCollum
HSAP,Tom Cole
HSAP,C. A. Dutch Ruppersberger
HSAP,Mario Diaz-Balart
HSAP,Debbie Wasserman Schultz
HSAP,Steve Womack
HSAP,Henry Cuellar
HSAP,"Charles J. ""Chuck"" Fleischmann"
HSAP,Chellie Pingree
HSAP,David P. Joyce
HSAP,Mike Quigley
HSAP,Andy Harris
HSAP,Derek Kilmer
HSAP,Mark E. Amodei
HSAP,Matt Cartwright
HSAP,David G. Valadao
HSAP,Grace Meng
HSAP,Dan Newhouse
HSAP,Mark Pocan
HSAP,John R. Moolenaar
HSAP,Pete Aguilar
HSAP,John H. Rutherford
HSAP,Lois Frankel
HSAP,Ben Cline
HSAP,Bonnie Watson Coleman
HSAP,Guy Reschenthaler
HSAP,Norma J. Torres
HSAP,Mike Garcia
HSAP,Ed Case
HSAP,Ashley Hinson
HSAP,Adriano Espaillat
HSAP,Tony Gonzales
HSAP,Josh Harder
HSAP,Julia Letlow
HSAP,Jennifer Wexton
HSAP,Michael Cloud
HSAP,David J. Trone
HSAP,Michael Guest
HSAP,Lauren Underwood
HSAP,Ryan K. Zinke
HSAP,Susie Lee
HSAP,Andrew S. Clyde
HSAP,Joseph D. Morelle
HSAP,Jake LaTurner
HSAP,Jerry L. Carl
HSAP,Stephanie I. Bice
HSAP,C. Scott Franklin
HSAP,Jake Ellzey
HSAP,Juan Ciscomani
HSAP01,Andy Harris
HSAP01,"Sanford D. Bishop, Jr."
HSAP01,David G. Valadao
HSAP01,Chellie Pingree
HSAP01,John R. Moolenaar
HSAP01,Lauren Underwood
HSAP01,Dan Newhouse
HSAP01,Marcy Kaptur
HSAP01,Julia Letlow
HSAP01,Barbara Lee
HSAP01,Ben Cline
HSAP01,Debbie Wasserman Schultz
HSAP01,Ashley Hinson
HSAP01,Jerry L. Carl
HSAP01,C. Scott Franklin
HSAP02,Ken Calvert
HSAP02,Betty McCollum
HSAP02,Harold Rogers
HSAP02,C. A. Dutch Ruppersberger
HSAP02,Tom Cole
HSAP02,Marcy Kaptur
HSAP02,Steve Womack
HSAP02,Henry Cuellar
HSAP02,Robert B. Aderholt
HSAP02,Derek Kilmer
HSAP02,John R. Carter
HSAP02,Pete Aguilar
HSAP02,Mario Diaz-Balart
HSAP02,Ed Case
HSAP02,David P. Joyce
HSAP02,Mike Garcia
HSAP19,Harold Rogers
HSAP19,Matt Cartwright
HSAP19,Robert B. Aderholt
HSAP19,Grace Meng
HSAP19,John R. Carter
HSAP19,C. A. Dutch Ruppersberger
HSAP19,Ben Cline
HSAP19,David J. Trone
HSAP19,Mike Garcia
HSAP19,Joseph D. Morelle
HSAP19,Tony Gonzales
HSAP19,Andrew S. Clyde
HSAP19,Jake Ellzey
HSSY,Frank D. Lucas
HSSY,Zoe Lofgren
HSSY,Bill Posey
HSSY,Suzanne Bonamici
HSSY,"Randy K. Weber, Sr."
HSSY,Haley M. Stevens
HSSY,Brian Babin
HSSY,Jamaal Bowman
HSSY,James R. Baird
HSSY,Deborah K. Ross
HSSY,Daniel Webster
HSSY,Eric Sorensen
HSSY,Mike Garcia
HSSY,Andrea Salinas
HSSY,Stephanie I. Bice
HSSY,Valerie P. Foushee
HSSY,Jay Obernolte
HSSY,Kevin Mullin
HSSY,"Charles J. ""Chuck"" Fleischmann"
HSSY,Jeff Jackson
HSSY,Darrell Issa
HSSY,Emilia Strong Sykes
HSSY,"Eric A. ""Rick"" Crawford"
HSSY,Maxwell Frost
HSSY,Claudia Tenney
HSSY,Yadira Caraveo
HSSY,Ryan K. Zinke
HSSY,Summer L. Lee
HSSY,C. Scott Franklin
HSSY,Jennifer L. McClellan
HSSY,Dale W. Strong
HSSY,Ted Lieu
HSSY,Max L. Miller
HSSY,Sean Casten
HSSY,Richard McCormick
HSSY,Paul Tonko
HSSY,Mike Collins
HSSY,Brandon Williams
HSSY,"Thomas H. Kean, Jr."
HSAS29,Doug Lamborn
HSAS29,Seth Moulton
HSAS29,Joe Wilson
HSAS29,John Garamendi
HSAS29,Michael R. Turner
HSAS29,Donald Norcross
HSAS29,Elise M. Stefanik
HSAS29,Salud O. Carbajal
HSAS29,Scott DesJarlais
HSAS29,Ro Khanna
HSAS29,Don Bacon
HSAS29,Chrissy Houlahan
HSAS29,Jim Banks
HSAS29,Gabe Vasquez
HSAS29,Michael Waltz
HSAS29,Marc A. Veasey
HSAS29,Dale W. Strong
HSAS35,Mike Gallagher
HSAS35,Ro Khanna
HSAS35,Matt Gaetz
HSAS35,Seth Moulton
HSAS35,Lisa C. McClain
HSAS35,William R. Keating
HSAS35,Pat Fallon
HSAS35,Andy Kim
HSAS35,Dale W. Strong
HSAS35,Elissa Slotkin
HSAS35,Morgan Luttrell
HSAS35,Jared F. Golden
HSAS35,Jennifer Kiggans
HSAS35,Patrick Ryan
HSAS35,Nick LaLota
HSAS35,Christopher R. Deluzio
HSAS35,Richard McCormick
HSSY16,Brian Babin
HSSY16,Eric Sorensen
HSSY16,Bill Posey
HSSY16,Jeff Jackson
HSSY16,Daniel Webster
HSSY16,Yadira Caraveo
HSSY16,Mike Garcia
HSSY16,Jamaal Bowman
HSSY16,Darrell Issa
HSSY16,Jennifer L. McClellan
HSSY16,Dale W. Strong
HSSY16,Richard McCormick
HSIF,Cathy McMorris Rodgers
HSIF,"Frank Pallone, Jr."
HSIF,Michael C. Burgess
HSIF,Anna G. Eshoo
HSIF,Robert E. Latta
HSIF,Diana DeGette
HSIF,Brett Guthrie
HSIF,Janice D. Schakowsky
HSIF,H. Morgan Griffith
HSIF,Doris O. Matsui
HSIF,Gus M. Bilirakis
HSIF,Kathy Castor
HSIF,Bill Johnson
HSIF,John P. Sarbanes
HSIF,Larry Bucshon
HSIF,Paul Tonko
HSIF,Richard Hudson
HSIF,Yvette D. Clarke
HSIF,Tim Walberg
HSIF,Tony Cárdenas
HSIF,"Earl L. ""Buddy"" Carter"
HSIF,Raul Ruiz
HSIF,Jeff Duncan
HSIF,Scott H. Peters
HSIF,Gary J. Palmer
HSIF,Debbie Dingell
HSIF,Neal P. Dunn
HSIF,Marc A. Veasey
HSIF,John R. Curtis
HSIF,Ann M. Kuster
HSIF,Debbie Lesko
HSIF,Robin L. Kelly
HSIF,Greg Pence
HSIF,Nanette Diaz Barragán
HSIF,Dan Crenshaw
HSIF,Lisa Blunt Rochester
HSIF,John Joyce
HSIF,Darren Soto
HSIF,Kelly Armstrong
HSIF,Angie Craig
HSIF,"Randy K. Weber, Sr."
HSIF,Kim Schrier
HSIF,Rick W. Allen
HSIF,Lori Trahan
HSIF,Troy Balderson
HSIF,Lizzie Fletcher
HSIF,Russ Fulcher
HSIF,August Pfluger
HSIF,Diana Harshbarger
HSIF,Mariannette Miller-Meeks
HSIF,Kat Cammack
HSIF,Jay Obernolte
HSIF02,H. Morgan Griffith
HSIF02,Kathy Castor
HSIF02,Michael C. Burgess
HSIF02,Diana DeGette
HSIF02,Brett Guthrie
HSIF02,Janice D. Schakowsky
HSIF02,Jeff Duncan
HSIF02,Paul Tonko
HSIF02,Gary J. Palmer
HSIF02,Raul Ruiz
HSIF02,Debbie Lesko
HSIF02,Scott H. Peters
HSIF02,Dan Crenshaw
HSIF02,Kelly Armstrong
HSIF02,Kat Cammack
HSIF03,Jeff Duncan
HSIF03,Diana DeGette
HSIF03,Michael C. Burgess
HSIF03,Scott H. Peters
HSIF03,Robert E. Latta
HSIF03,Lizzie Fletcher
HSIF03,Brett Guthrie
HSIF03,Doris O. Matsui
HSIF03,H. Morgan Griffith
HSIF03,Paul Tonko
HSIF03,Bill Johnson
HSIF03,Marc A. Veasey
HSIF03,Larry Bucshon
HSIF03,Ann M. Kuster
HSIF03,Tim Walberg
HSIF03,Kim Schrier
HSIF03,Gary J. Palmer
HSIF03,Kathy Castor
HSIF03,John R. Curtis
HSIF03,John P. Sarbanes
HSIF03,Debbie Lesko
HSIF03,Tony Cárdenas
HSIF03,Greg Pence
HSIF03,Lisa Blunt Rochester
HSIF03,Kelly Armstrong
HSIF03,"Randy K. Weber, Sr."
HSIF03,Troy Balderson
HSIF03,August Pfluger
HSIF18,Bill Johnson
HSIF18,Paul Tonko
HSIF18,"Earl L. ""Buddy"" Carter"
HSIF18,Diana DeGette
HSIF18,Gary J. Palmer
HSIF18,Janice D. Schakowsky
HSIF18,Dan Crenshaw
HSIF18,John P. Sarbanes
HSIF18,John Joyce
HSIF18,Yvette D. Clarke
HSIF18,"Randy K. Weber, Sr."
HSIF18,Raul Ruiz
HSIF18,Rick W. Allen
HSIF18,Scott H. Peters
HSIF18,Troy Balderson
HSIF18,Nanette Diaz Barragán
HSIF18,Russ Fulcher
HSIF18,August Pfluger
HSIF18,Mariannette Miller-Meeks
HSIF18,Jay Obernolte
HSWM,Jason Smith
HSWM,Richard E. Neal
HSWM,Vern Buchanan
HSWM,Lloyd Doggett
HSWM,Adrian Smith
HSWM,Mike Thompson
HSWM,Mike Kelly
HSWM,John B. Larson
HSWM,David Schweikert
HSWM,Earl Blumenauer
HSWM,Darin LaHood
HSWM,"Bill Pascrell, Jr."
HSWM,Brad R. Wenstrup
HSWM,Danny K. Davis
HSWM,Jodey C. Arrington
HSWM,Linda T. Sánchez
HSWM,A. Drew Ferguson IV
HSWM,Brian Higgins
HSWM,Ron Estes
HSWM,Terri A. Sewell
HSWM,Lloyd Smucker
HSWM,Suzan K. DelBene
HSWM,Kevin Hern
HSWM,Judy Chu
HSWM,Carol D. Miller
HSWM,Gwen Moore
HSWM,Gregory F. Murphy
HSWM,Daniel T. Kildee
HSWM,David Kustoff
HSWM,"Donald S. Beyer, Jr."
HSWM,Brian K. Fitzpatrick
HSWM,Dwight Evans
HSWM,W. Gregory Steube
HSWM,Bradley Scott Schneider
HSWM,Claudia Tenney
HSWM,Jimmy Panetta
HSWM,Michelle Fischbach
HSWM,Blake D. Moore
HSWM,Michelle Steel
HSWM,Beth Van Duyne
HSWM,Randy Feenstra
HSWM,Nicole Malliotakis
HSWM,Mike Carey
HSWM01,A. Drew Ferguson IV
HSWM01,John B. Larson
HSWM01,Mike Carey
HSWM01,"Bill Pascrell, Jr."
HSWM01,David Schweikert
HSWM01,Linda T. Sánchez
HSWM01,Ron Estes
HSWM01,Brian Higgins
HSWM01,Blake D. Moore
HSWM01,Daniel T. Kildee
HSWM01,Randy Feenstra
HSWM01,W. Gregory Steube
HSWM01,David Kustoff
HSWM02,Vern Buchanan
HSWM02,Lloyd Doggett
HSWM02,Adrian Smith
HSWM02,Mike Thompson
HSWM02,Mike Kelly
HSWM02,Earl Blumenauer
HSWM02,Brad R. Wenstrup
HSWM02,Brian Higgins
HSWM02,Gregory F. Murphy
HSWM02,Terri A. Sewell
HSWM02,Kevin Hern
HSWM02,Judy Chu
HSWM02,Carol D. Miller
HSWM02,Dwight Evans
HSWM02,Brian K. Fitzpatrick
HSWM02,Danny K. Davis
HSWM02,Claudia Tenney
HSWM02,Blake D. Moore
HSWM02,Michelle Steel
HSWM05,Mike Kelly
HSWM05,Mike Thompson
HSWM05,David Schweikert
HSWM05,Lloyd Doggett
HSWM05,Jodey C. Arrington
HSWM05,John B. Larson
HSWM05,A. Drew Ferguson IV
HSWM05,Linda T. Sánchez
HSWM05,Kevin Hern
HSWM05,Suzan K. DelBene
HSWM05,Ron Estes
HSWM05,Gwen Moore
HSWM05,Lloyd Smucker
HSWM05,"Donald S. Beyer, Jr."
HSWM05,David Kustoff
HSWM05,Bradley Scott Schneider
HSWM05,Beth Van Duyne
HSWM05,Randy Feenstra
HSWM05,Nicole Malliotakis
HLIG,Michael R. Turner
HLIG,James A. Himes
HLIG,Brad R. Wenstrup
HLIG,André Carson
HLIG,"Eric A. ""Rick"" Crawford"
HLIG,Joaquin Castro
HLIG,Elise M. Stefanik
HLIG,Raja Krishnamoorthi
HLIG,Trent Kelly
HLIG,Jason Crow
HLIG,Darin LaHood
HLIG,Ami Bera
HLIG,Brian K. Fitzpatrick
HLIG,Stacey E. Plaskett
HLIG,Mike Gallagher
HLIG,Josh Gottheimer
HLIG,Austin Scott
HLIG,Jimmy Gomez
HLIG,J. French Hill
HLIG,Chrissy Houlahan
HLIG,Dan Crenshaw
HLIG,Abigail Davis Spanberger
HLIG,Michael Waltz
HLIG,Mike Garcia
HSAG03,Brad Finstad
HSAG03,Jahana Hayes
HSAG03,Austin Scott
HSAG03,James P. McGovern
HSAG03,Scott DesJarlais
HSAG03,Alma S. Adams
HSAG03,James R. Baird
HSAG03,Jill N. Tokuda
HSAG03,Tracey Mann
HSAG03,Jasmine Crockett
HSAG03,John W. Rose
HSAG03,Jonathan L. Jackson
HSAG03,Marcus J. Molinaro
HSAG03,Greg Casar
HSAG03,Monica De La Cruz
HSAG03,Shontel M. Brown
HSAG03,Nicholas A. Langworthy
HSAG03,Andrea Salinas
HSAG03,Derrick Van Orden
HSAG03,Yadira Caraveo
HSAG03,Max L. Miller
HSAG14,James R. Baird
HSAG14,Abigail Davis Spanberger
HSAG14,Frank D. Lucas
HSAG14,Sharice Davids
HSAG14,Mike Bost
HSAG14,Elissa Slotkin
HSAG14,Mary E. Miller
HSAG14,Nikki Budzinski
HSAG14,Kat Cammack
HSAG14,Eric Sorensen
HSAG14,Brad Finstad
HSAG14,Jill N. Tokuda
HSAG14,John S. Duarte
HSAG14,Gabe Vasquez
HSAG14,Mark Alford
HSAG16,Austin Scott
HSAG16,Shontel M. Brown
HSAG16,"Eric A. ""Rick"" Crawford"
HSAG16,Sharice Davids
HSAG16,Doug LaMalfa
HSAG16,Donald G. Davis
HSAG16,David Rouzer
HSAG16,Eric Sorensen
HSAG16,Dusty Johnson
HSAG16,Jasmine Crockett
HSAG16,Mary E. Miller
HSAG16,Nikki Budzinski
HSAG16,Barry Moore
HSAG16,Salud O. Carbajal
HSAG16,Brad Finstad
HSAG16,Angie Craig
HSAG16,John W. Rose
HSAG16,Alma S. Adams
HSAG16,Ronny Jackson
HSAG16,"Sanford D. Bishop, Jr."
HSAG16,Monica De La Cruz
HSAG16,John S. Duarte
HSAG16,Zachary Nunn
HSAG16,Mark Alford
HLIG06,Brian K. Fitzpatrick
HLIG06,Stacey E. Plaskett
HLIG06,Brad R. Wenstrup
HLIG06,Ami Bera
HLIG06,Trent Kelly
HLIG06,Josh Gottheimer
HLIG06,Darin LaHood
HLIG06,Abigail Davis Spanberger
HLIG06,J. French Hill
HLIG06,Dan Crenshaw
HSPW14,Troy E. Nehls
HSPW14,"Donald M. Payne, Jr."
HSPW14,Brian Babin
HSPW14,Frederica S. Wilson
HSPW14,David Rouzer
HSPW14,Seth Moulton
HSPW14,Mike Bost
HSPW14,Troy A. Carter
HSPW14,Doug LaMalfa
HSPW14,André Carson
HSPW14,Bruce Westerman
HSPW14,Mark DeSaulnier
HSPW14,Pete Stauber
HSPW14,Marilyn Strickland
HSPW14,Tim Burchett
HSPW14,Valerie P. Foushee
HSPW14,Dusty Johnson
HSPW14,Grace F. Napolitano
HSPW14,Lance Gooden
HSPW14,Steve Cohen
HSPW14,Tracey Mann
HSPW14,"Henry C. ""Hank"" Johnson, Jr."
HSPW14,Rudy Yakym III
HSPW14,Jared Huffman
HSPW14,"Thomas H. Kean, Jr."
HSPW14,"Jesús G. ""Chuy"" García"
HSPW14,Eric Burlison
HSPW14,Robert Menendez
HSPW14,Brandon Williams
HSPW14,Marcus J. Molinaro
HSPW14,John S. Duarte
HSBA,Patrick T. McHenry
HSBA,Maxine Waters
HSBA,Frank D. Lucas
HSBA,Nydia M. Velázquez
HSBA,Pete Sessions
HSBA,Brad Sherman
HSBA,Bill Posey
HSBA,Gregory W. Meeks
HSBA,Blaine Luetkemeyer
HSBA,David Scott
HSBA,Bill Huizenga
HSBA,Stephen F. Lynch
HSBA,Ann Wagner
HSBA,Al Green
HSBA,Andy Barr
HSBA,Emanuel Cleaver
HSBA,Roger Williams
HSBA,James A. Himes
HSBA,J. French Hill
HSBA,Bill Foster
HSBA,Tom Emmer
HSBA,Joyce Beatty
HSBA,Barry Loudermilk
HSBA,Juan Vargas
HSBA,Alexander X. Mooney
HSBA,Josh Gottheimer
HSBA,Warren Davidson
HSBA,Vicente Gonzalez
HSBA,John W. Rose
HSBA,Sean Casten
HSBA,Bryan Steil
HSBA,Ayanna Pressley
HSBA,William R. Timmons IV
HSBA,Steven Horsford
HSBA,Ralph Norman
HSBA,Rashida Tlaib
HSBA,Daniel Meuser
HSBA,Ritchie Torres
HSBA,Young Kim
HSBA,Sylvia R. Garcia
HSBA,Byron Donalds
HSBA,Nikema Williams
HSBA,Andrew R. Garbarino
HSBA,Wiley Nickel
HSBA,Scott Fitzgerald
HSBA,Brittany Pettersen
HSBA,Mike Flood
HSBA,Michael Lawler
HSBA,Monica De La Cruz
HSBA,Andrew Ogles
HSBA,Erin Houchin
HSBA,Zachary Nunn
HSBA04,Warren Davidson
HSBA04,Emanuel Cleaver
HSBA04,Bill Posey
HSBA04,Nydia M. Velázquez
HSBA04,Blaine Luetkemeyer
HSBA04,Rashida Tlaib
HSBA04,Ralph Norman
HSBA04,Ritchie Torres
HSBA04,Scott Fitzgerald
HSBA04,Ayanna Pressley
HSBA04,Andrew R. Garbarino
HSBA04,Sylvia R. Garcia
HSBA04,Mike Flood
HSBA04,Nikema Williams
HSBA04,Michael Lawler
HSBA04,Steven Horsford
HSBA04,Monica De La Cruz
HSBA04,Brittany Pettersen
HSBA04,Erin Houchin
HSBA16,Ann Wagner
HSBA16,Brad Sherman
HSBA16,Frank D. Lucas
HSBA16,Gregory W. Meeks
HSBA16,Pete Sessions
HSBA16,David Scott
HSBA16,Bill Huizenga
HSBA16,Juan Vargas
HSBA16,J. French Hill
HSBA16,Josh Gottheimer
HSBA16,Tom Emmer
HSBA16,Vicente Gonzalez
HSBA16,Alexander X. Mooney
HSBA16,Sean Casten
HSBA16,Bryan Steil
HSBA16,Wiley Nickel
HSBA16,Daniel Meuser
HSBA16,Stephen F. Lynch
HSBA16,Andrew R. Garbarino
HSBA16,Emanuel Cleaver
HSBA16,Michael Lawler
HSBA16,Zachary Nunn
HSBA16,Erin Houchin
HSAP20,Tom Cole
HSAP20,Mike Quigley
HSAP20,Mario Diaz-Balart
HSAP20,Bonnie Watson Coleman
HSAP20,Steve Womack
HSAP20,Norma J. Torres
HSAP20,John H. Rutherford
HSAP20,Pete Aguilar
HSAP20,Tony Gonzales
HSAP20,Adriano Espaillat
HSAP20,David G. Valadao
HSAP20,Jennifer Wexton
HSAP20,Ben Cline
HSAP20,Ryan K. Zinke
HSAP20,Juan Ciscomani
HSAP23,Steve Womack
HSAP23,Steny H. Hoyer
HSAP23,Mark E. Amodei
HSAP23,Matt Cartwright
HSAP23,David P. Joyce
HSAP23,Mark Pocan
HSAP23,John R. Moolenaar
HSAP23,"Sanford D. Bishop, Jr."
HSAP23,Ashley Hinson
HSAP23,Norma J. Torres
HSAP23,Michael Cloud
HSAP23,Jerry L. Carl
HSAP23,Juan Ciscomani
HSPW02,David Rouzer
HSPW02,Grace F. Napolitano
HSPW02,Daniel Webster
HSPW02,John Garamendi
HSPW02,Thomas Massie
HSPW02,Emilia Strong Sykes
HSPW02,Brian Babin
HSPW02,Jared Huffman
HSPW02,Mike Bost
HSPW02,Frederica S. Wilson
HSPW02,Doug LaMalfa
HSPW02,Patrick Ryan
HSPW02,Bruce Westerman
HSPW02,Val T. Hoyle
HSPW02,Brian J. Mast
HSPW02,Hillary J. Scholten
HSPW02,Jenniffer González-Colón
HSPW02,Julia Brownley
HSPW02,Burgess Owens
HSPW02,Mark DeSaulnier
HSPW02,Chuck Edwards
HSPW02,Greg Stanton
HSPW02,Eric Burlison
HSPW02,Chris Pappas
HSPW02,John James
HSPW02,Seth Moulton
HSPW02,Derrick Van Orden
HSPW02,Troy A. Carter
HSPW02,Brandon Williams
HSPW02,Eleanor Holmes Norton
HSPW02,Mike Collins
HSPW02,Mike Ezell
HSPW02,John S. Duarte
HSVR03,Mariannette Miller-Meeks
HSVR03,Julia Brownley
HSVR03,Aumua Amata Coleman Radewagen
HSVR03,Mike Levin
HSVR03,Jack Bergman
HSVR03,Christopher R. Deluzio
HSVR03,Gregory F. Murphy
HSVR03,Greg Landsman
HSVR03,Derrick Van Orden
HSVR03,Nikki Budzinski
HSVR03,Morgan Luttrell
HSVR03,Jennifer Kiggans
HSVR08,Jennifer Kiggans
HSVR08,Frank J. Mrvan
HSVR08,Aumua Amata Coleman Radewagen
HSVR08,Chris Pappas
HSVR08,Jack Bergman
HSVR08,Sheila Cherfilus-McCormick
HSVR08,"Matthew M. Rosendale, Sr."
HSIF16,Robert E. Latta
HSIF16,Doris O. Matsui
HSIF16,Gus M. Bilirakis
HSIF16,Yvette D. Clarke
HSIF16,Tim Walberg
HSIF16,Marc A. Veasey
HSIF16,"Earl L. ""Buddy"" Carter"
HSIF16,Darren Soto
HSIF16,Neal P. Dunn
HSIF16,Anna G. Eshoo
HSIF16,John R. Curtis
HSIF16,Tony Cárdenas
HSIF16,John Joyce
HSIF16,Angie Craig
HSIF16,"Randy K. Weber, Sr."
HSIF16,Lizzie Fletcher
HSIF16,Rick W. Allen
HSIF16,Debbie Dingell
HSIF16,Troy Balderson
HSIF16,Ann M. Kuster
HSIF16,Russ Fulcher
HSIF16,Robin L. Kelly
HSIF16,August Pfluger
HSIF16,Diana Harshbarger
HSIF16,Kat Cammack
HSIF16,Jay Obernolte
HSAP10,"Charles J. ""Chuck"" Fleischmann"
HSAP10,Marcy Kaptur
HSAP10,Michael K. Simpson
HSAP10,Debbie Wasserman Schultz
HSAP10,Ken Calvert
HSAP10,Susie Lee
HSAP10,Dan Newhouse
HSAP10,Mike Quigley
HSAP10,Guy Reschenthaler
HSAP10,Joseph D. Morelle
HSAP10,Mike Garcia
HSAP10,Derek Kilmer
HSAP10,Julia Letlow
HSAP10,Michael Guest
HSAP10,Stephanie I. Bice
HSED,Virginia Foxx
HSED,"Robert C. ""Bobby"" Scott"
HSED,Joe Wilson
HSED,Raúl M. Grijalva
HSED,Glenn Thompson
HSED,Joe Courtney
HSED,Tim Walberg
HSED,Gregorio Kilili Camacho Sablan
HSED,Glenn Grothman
HSED,Frederica S. Wilson
HSED,Elise M. Stefanik
HSED,Suzanne Bonamici
HSED,Rick W. Allen
HSED,Mark Takano
HSED,Jim Banks
HSED,Alma S. Adams
HSED,James Comer
HSED,Mark DeSaulnier
HSED,Lloyd Smucker
HSED,Donald Norcross
HSED,Burgess Owens
HSED,Pramila Jayapal
HSED,Bob Good
HSED,Susan Wild
HSED,Lisa C. McClain
HSED,Lucy McBath
HSED,Mary E. Miller
HSED,Jahana Hayes
HSED,Michelle Steel
HSED,Ilhan Omar
HSED,Ron Estes
HSED,Haley M. Stevens
HSED,Julia Letlow
HSED,Teresa Leger Fernandez
HSED,Kevin Kiley
HSED,Kathy E. Manning
HSED,Aaron Bean
HSED,Frank J. Mrvan
HSED,Eric Burlison
HSED,Jamaal Bowman
HSED,Nathaniel Moran
HSED,John James
HSED,Lori Chavez-DeRemer
HSED,Brandon Williams
HSED,Erin Houchin
HSED13,Burgess Owens
HSED13,Frederica S. Wilson
HSED13,Glenn Thompson
HSED13,Mark Takano
HSED13,Glenn Grothman
HSED13,Pramila Jayapal
HSED13,Elise M. Stefanik
HSED13,Teresa Leger Fernandez
HSED13,Jim Banks
HSED13,Kathy E. Manning
HSED13,Lloyd Smucker
HSED13,Lucy McBath
HSED13,Bob Good
HSED13,Raúl M. Grijalva
HSED13,Nathaniel Moran
HSED13,Joe Courtney
HSED13,John James
HSED13,Gregorio Kilili Camacho Sablan
HSED13,Lori Chavez-DeRemer
HSED13,Suzanne Bonamici
HSED13,Brandon Williams
HSED13,Alma S. Adams
HSED13,Erin Houchin
HSED13,Virginia Foxx
HSED14,Aaron Bean
HSED14,Suzanne Bonamici
HSED14,Glenn Thompson
HSED14,Raúl M. Grijalva
HSED14,Burgess Owens
HSED14,Gregorio Kilili Camacho Sablan
HSED14,Lisa C. McClain
HSED14,Jahana Hayes
HSED14,Mary E. Miller
HSED14,Jamaal Bowman
HSED14,Michelle Steel
HSED14,Frederica S. Wilson
HSED14,Kevin Kiley
HSED14,Mark DeSaulnier
HSED14,Nathaniel Moran
HSED14,Donald Norcross
HSED14,Brandon Williams
HSED14,Virginia Foxx
HSGO,James Comer
HSGO,Jamie Raskin
HSGO,Jim Jordan
HSGO,Eleanor Holmes Norton
HSGO,Michael R. Turner
HSGO,Stephen F. Lynch
HSGO,Paul A. Gosar
HSGO,Gerald E. Connolly
HSGO,Virginia Foxx
HSGO,Raja Krishnamoorthi
HSGO,Glenn Grothman
HSGO,Ro Khanna
HSGO,Gary J. Palmer
HSGO,Kweisi Mfume
HSGO,Clay Higgins
HSGO,Alexandria Ocasio-Cortez
HSGO,Pete Sessions
HSGO,Katie Porter
HSGO,Andy Biggs
HSGO,Cori Bush
HSGO,Nancy Mace
HSGO,Jimmy Gomez
HSGO,Jake LaTurner
HSGO,Shontel M. Brown
HSGO,Pat Fallon
HSGO,Melanie A. Stansbury
HSGO,Byron Donalds
HSGO,Robert Garcia
HSGO,Kelly Armstrong
HSGO,Maxwell Frost
HSGO,Scott Perry
HSGO,Summer L. Lee
HSGO,William R. Timmons IV
HSGO,Greg Casar
HSGO,Tim Burchett
HSGO,Jasmine Crockett
HSGO,Marjorie Taylor Greene
HSGO,Daniel S. Goldman
HSGO,Lisa C. McClain
HSGO,Jared Moskowitz
HSGO,Lauren Boebert
HSGO,Rashida Tlaib
HSGO,Russell Fry
HSGO,Anna Paulina Luna
HSGO,Chuck Edwards
HSGO,Nicholas A. Langworthy
HSGO,Eric Burlison
HSGO06,Glenn Grothman
HSGO06,Robert Garcia
HSGO06,Paul A. Gosar
HSGO06,Stephen F. Lynch
HSGO06,Virginia Foxx
HSGO06,Daniel S. Goldman
HSGO06,Clay Higgins
HSGO06,Jared Moskowitz
HSGO06,Pete Sessions
HSGO06,Katie Porter
HSGO06,Andy Biggs
HSGO06,Cori Bush
HSGO06,Nancy Mace
HSGO06,Maxwell Frost
HSGO06,Jake LaTurner
HSGO06,Pat Fallon
HSGO06,Kelly Armstrong
HSGO06,Scott Perry
HSII06,Pete Stauber
HSII06,Alexandria Ocasio-Cortez
HSII06,Doug Lamborn
HSII06,Jared Huffman
HSII06,Robert J. Wittman
HSII06,Kevin Mullin
HSII06,Paul A. Gosar
HSII06,Sydney Kamlager-Dove
HSII06,Garret Graves
HSII06,Seth Magaziner
HSII06,Daniel Webster
HSII06,Nydia M. Velázquez
HSII06,Russ Fulcher
HSII06,Debbie Dingell
HSII06,John R. Curtis
HSII06,Raúl M. Grijalva
HSII06,Thomas P. Tiffany
HSII06,Grace F. Napolitano
HSII06,"Matthew M. Rosendale, Sr."
HSII06,Susie Lee
HSII06,Lauren Boebert
HSII06,Wesley Hunt
HSII06,Mike Collins
HSII06,John S. Duarte
HSII15,Paul A. Gosar
HSII15,Melanie A. Stansbury
HSII15,"Matthew M. Rosendale, Sr."
HSII15,Ed Case
HSII15,Wesley Hunt
HSII15,Ruben Gallego
HSII15,Mike Collins
HSII15,Susie Lee
HSII15,Anna Paulina Luna
HSJU,Jim Jordan
HSJU,Jerrold Nadler
HSJU,Darrell Issa
HSJU,Zoe Lofgren
HSJU,Ken Buck
HSJU,Sheila Jackson Lee
HSJU,Matt Gaetz
HSJU,Steve Cohen
HSJU,Mike Johnson
HSJU,"Henry C. ""Hank"" Johnson, Jr."
HSJU,Andy Biggs
HSJU,Adam B. Schiff
HSJU,Tom McClintock
HSJU,Eric Swalwell
HSJU,Thomas P. Tiffany
HSJU,Ted Lieu
HSJU,Thomas Massie
HSJU,Pramila Jayapal
HSJU,Chip Roy
HSJU,J. Luis Correa
HSJU,Dan Bishop
HSJU,Mary Gay Scanlon
HSJU,Victoria Spartz
HSJU,Joe Neguse
HSJU,Scott Fitzgerald
HSJU,Lucy McBath
HSJU,Cliff Bentz
HSJU,Madeleine Dean
HSJU,Ben Cline
HSJU,Veronica Escobar
HSJU,Lance Gooden
HSJU,Deborah K. Ross
HSJU,Jefferson Van Drew
HSJU,Cori Bush
HSJU,Troy E. Nehls
HSJU,Glenn Ivey
HSJU,Barry Moore
HSJU,Becca Balint
HSJU,Kevin Kiley
HSJU,Harriet M. Hageman
HSJU,Nathaniel Moran
HSJU,Laurel M. Lee
HSJU,Wesley Hunt
HSJU,Russell Fry
HSGO24,Pete Sessions
HSGO24,Kweisi Mfume
HSGO24,Gary J. Palmer
HSGO24,Eleanor Holmes Norton
HSGO24,Clay Higgins
HSGO24,Maxwell Frost
HSGO24,Andy Biggs
HSGO24,Greg Casar
HSGO24,Byron Donalds
HSGO24,Gerald E. Connolly
HSGO24,William R. Timmons IV
HSGO24,Melanie A. Stansbury
HSGO24,Tim Burchett
HSGO24,Robert Garcia
HSGO24,Marjorie Taylor Greene
HSGO24,Summer L. Lee
HSGO24,Lauren Boebert
HSGO24,Jasmine Crockett
HSGO24,Russell Fry
HSGO24,Chuck Edwards
HSGO24,Eric Burlison
HSJU01,Tom McClintock
HSJU01,Pramila Jayapal
HSJU01,Ken Buck
HSJU01,Zoe Lofgren
HSJU01,Andy Biggs
HSJU01,J. Luis Correa
HSJU01,Thomas P. Tiffany
HSJU01,Veronica Escobar
HSJU01,Chip Roy
HSJU01,Sheila Jackson Lee
HSJU01,Victoria Spartz
HSJU01,Deborah K. Ross
HSJU01,Jefferson Van Drew
HSJU01,Eric Swalwell
HSJU01,Troy E. Nehls
HSJU01,Barry Moore
HSJU01,Wesley Hunt
HSJU08,Andy Biggs
HSJU08,Sheila Jackson Lee
HSJU08,Matt Gaetz
HSJU08,Lucy McBath
HSJU08,Thomas P. Tiffany
HSJU08,Madeleine Dean
HSJU08,Troy E. Nehls
HSJU08,Cori Bush
HSJU08,Barry Moore
HSJU08,Steve Cohen
HSJU08,Kevin Kiley
HSJU08,Laurel M. Lee
HSJU08,Russell Fry
JSEC,Martin Heinrich
JSEC,David Schweikert
JSEC,Amy Klobuchar
JSEC,Jodey C. Arrington
JSEC,Margaret Wood Hassan
JSEC,Ron Estes
JSEC,Mark Kelly
JSEC,A. Drew Ferguson IV
JSEC,Peter Welch
JSEC,Lloyd Smucker
JSEC,John Fetterman
JSEC,Nicole Malliotakis
JSEC,Mike Lee
JSEC,Tom Cotton
JSEC,Eric Schmitt
JSEC,J.D. Vance
JSEC,"Donald S. Beyer, Jr."
JSEC,David J. Trone
JSEC,Gwen Moore
JSEC,Katie Porter
HSAS25,Robert J. Wittman
HSAS25,Donald Norcross
HSAS25,Michael R. Turner
HSAS25,Joe Courtney
HSAS25,Doug Lamborn
HSAS25,Ruben Gallego
HSAS25,Sam Graves
HSAS25,Salud O. Carbajal
HSAS25,Don Bacon
HSAS25,Mikie Sherrill
HSAS25,Lisa C. McClain
HSAS25,Patrick Ryan
HSAS25,Pat Fallon
HSAS25,Jeff Jackson
HSAS25,Carlos A. Gimenez
HSAS25,Steven Horsford
HSAS25,Nick LaLota
HSAS25,Richard McCormick
HSAS26,Jack Bergman
HSAS26,Ruben Gallego
HSAS26,Austin Scott
HSAS26,William R. Keating
HSAS26,Elise M. Stefanik
HSAS26,Elissa Slotkin
HSAS26,Trent Kelly
HSAS26,Sara Jacobs
HSAS26,Ronny Jackson
HSAS26,Jeff Jackson
HSAS26,Nancy Mace
HSAS26,Jennifer L. McClellan
HSAS26,Morgan Luttrell
HSAS26,Jimmy Panetta
HSAS26,Cory Mills
HSII10,Thomas P. Tiffany
HSII10,Joe Neguse
HSII10,Doug Lamborn
HSII10,Katie Porter
HSII10,Tom McClintock
HSII10,Sydney Kamlager-Dove
HSII10,Russ Fulcher
HSII10,Gregorio Kilili Camacho Sablan
HSII10,Pete Stauber
HSII10,Mike Levin
HSII10,John R. Curtis
HSII10,Teresa Leger Fernandez
HSII10,Cliff Bentz
HSII10,Mary Sattler Peltola
HSII10,Jennifer Kiggans
HSII10,James C. Moylan
HSIF17,Gus M. Bilirakis
HSIF17,Janice D. Schakowsky
HSIF17,Larry Bucshon
HSIF17,Kathy Castor
HSIF17,Tim Walberg
HSIF17,Debbie Dingell
HSIF17,Jeff Duncan
HSIF17,Robin L. Kelly
HSIF17,Neal P. Dunn
HSIF17,Lisa Blunt Rochester
HSIF17,Debbie Lesko
HSIF17,Darren Soto
HSIF17,Greg Pence
HSIF17,Lori Trahan
HSIF17,Kelly Armstrong
HSIF17,Yvette D. Clarke
HSIF17,Rick W. Allen
HSIF17,Russ Fulcher
HSIF17,Diana Harshbarger
HSIF17,Kat Cammack
HSJU03,Darrell Issa
HSJU03,"Henry C. ""Hank"" Johnson, Jr."
HSJU03,Thomas Massie
HSJU03,Ted Lieu
HSJU03,Scott Fitzgerald
HSJU03,Joe Neguse
HSJU03,Cliff Bentz
HSJU03,Deborah K. Ross
HSJU03,Ben Cline
HSJU03,Adam B. Schiff
HSJU03,Lance Gooden
HSJU03,Zoe Lofgren
HSJU03,Kevin Kiley
HSJU03,Madeleine Dean
HSJU03,Nathaniel Moran
HSJU03,Glenn Ivey
HSJU03,Laurel M. Lee
HSJU03,Russell Fry
HSAG22,Dusty Johnson
HSAG22,Yadira Caraveo
HSAG22,Frank D. Lucas
HSAG22,Donald G. Davis
HSAG22,Austin Scott
HSAG22,Jim Costa
HSAG22,David Rouzer
HSAG22,Andrea Salinas
HSAG22,Don Bacon
HSAG22,Marie Gluesenkamp Perez
HSAG22,Tracey Mann
HSAG22,Nikki Budzinski
HSAG22,John W. Rose
HSAG22,Jonathan L. Jackson
HSAG22,Marcus J. Molinaro
HSAG22,Greg Casar
HSAG22,Nicholas A. Langworthy
HSAG22,Angie Craig
HSAG22,Zachary Nunn
HSAG22,Jasmine Crockett
HSAG22,Lori Chavez-DeRemer
HSAG22,Max L. Miller
HSAS03,Michael Waltz
HSAS03,John Garamendi
HSAS03,Joe Wilson
HSAS03,Mikie Sherrill
HSAS03,Austin Scott
HSAS03,Veronica Escobar
HSAS03,Mike Johnson
HSAS03,Marilyn Strickland
HSAS03,Carlos A. Gimenez
HSAS03,Gabe Vasquez
HSAS03,Brad Finstad
HSAS03,Jill N. Tokuda
HSAS03,Dale W. Strong
HSAS03,Donald G. Davis
HSAS03,Jennifer Kiggans
HSAS03,Marc A. Veasey
HSAS03,James C. Moylan
HSPW13,Scott Perry
HSPW13,Dina Titus
HSPW13,Garret Graves
HSPW13,Eleanor Holmes Norton
HSPW13,Jenniffer González-Colón
HSPW13,Sharice Davids
HSPW13,Lori Chavez-DeRemer
HSPW13,Troy A. Carter
HSPW13,Chuck Edwards
HSPW13,Grace F. Napolitano
HSPW13,Anthony D’Esposito
HSPW13,John Garamendi
HSPW13,Derrick Van Orden
HSPW13,Jared Huffman
HSPW13,Mike Ezell
HSBU,Jodey C. Arrington
HSBU,Brendan F. Boyle
HSBU,Ralph Norman
HSBU,Brian Higgins
HSBU,Tom McClintock
HSBU,Janice D. Schakowsky
HSBU,Glenn Grothman
HSBU,Earl Blumenauer
HSBU,Lloyd Smucker
HSBU,Daniel T. Kildee
HSBU,Michael C. Burgess
HSBU,Scott H. Peters
HSBU,"Earl L. ""Buddy"" Carter"
HSBU,Barbara Lee
HSBU,Ben Cline
HSBU,Lloyd Doggett
HSBU,Bob Good
HSBU,Jimmy Panetta
HSBU,Jack Bergman
HSBU,Jennifer Wexton
HSBU,A. Drew Ferguson IV
HSBU,Sheila Jackson Lee
HSBU,Chip Roy
HSBU,Ilhan Omar
HSBU,Blake D. Moore
HSBU,David J. Trone
HSBU,David G. Valadao
HSBU,Becca Balint
HSBU,Ron Estes
HSBU,"Robert C. ""Bobby"" Scott"
HSBU,Stephanie I. Bice
HSBU,Adriano Espaillat
HSBU,Lisa C. McClain
HSBU,Michelle Fischbach
HSBU,Rudy Yakym III
HSBU,Josh Brecheen
HSBU,Chuck Edwards
HSJU10,Mike Johnson
HSJU10,Mary Gay Scanlon
HSJU10,Tom McClintock
HSJU10,Steve Cohen
HSJU10,Chip Roy
HSJU10,Veronica Escobar
HSJU10,Dan Bishop
HSJU10,Cori Bush
HSJU10,Kevin Kiley
HSJU10,Sheila Jackson Lee
HSJU10,Harriet M. Hageman
HSJU10,"Henry C. ""Hank"" Johnson, Jr."
HSJU10,Wesley Hunt
HSJU10,Russell Fry
JSTX,Ron Wyden
JSTX,Jason Smith
JSTX,Debbie Stabenow
JSTX,Vern Buchanan
JSTX,Maria Cantwell
JSTX,Adrian Smith
JSTX,Mike Crapo
JSTX,Chuck Grassley
JSTX,Richard E. Neal
JSTX,Lloyd Doggett
HSIF14,Brett Guthrie
HSIF14,Anna G. Eshoo
HSIF14,Michael C. Burgess
HSIF14,John P. Sarbanes
HSIF14,Robert E. Latta
HSIF14,Tony Cárdenas
HSIF14,H. Morgan Griffith
HSIF14,Raul Ruiz
HSIF14,Gus M. Bilirakis
HSIF14,Debbie Dingell
HSIF14,Bill Johnson
HSIF14,Ann M. Kuster
HSIF14,Larry Bucshon
HSIF14,Robin L. Kelly
HSIF14,Richard Hudson
HSIF14,Nanette Diaz Barragán
HSIF14,"Earl L. ""Buddy"" Carter"
HSIF14,Lisa Blunt Rochester
HSIF14,Neal P. Dunn
HSIF14,Angie Craig
HSIF14,Greg Pence
HSIF14,Kim Schrier
HSIF14,Dan Crenshaw
HSIF14,Lori Trahan
HSIF14,John Joyce
HSIF14,Diana Harshbarger
HSIF14,Mariannette Miller-Meeks
HSIF14,Jay Obernolte
HSFA,Michael T. McCaul
HSFA,Gregory W. Meeks
HSFA,Christopher H. Smith
HSFA,Brad Sherman
HSFA,Joe Wilson
HSFA,Gerald E. Connolly
HSFA,Scott Perry
HSFA,William R. Keating
HSFA,Darrell Issa
HSFA,Ami Bera
HSFA,Ann Wagner
HSFA,Joaquin Castro
HSFA,Brian J. Mast
HSFA,Dina Titus
HSFA,Ken Buck
HSFA,Ted Lieu
HSFA,Tim Burchett
HSFA,Susan Wild
HSFA,Mark E. Green
HSFA,Dean Phillips
HSFA,Andy Barr
HSFA,Colin Z. Allred
HSFA,Ronny Jackson
HSFA,Andy Kim
HSFA,Young Kim
HSFA,Sara Jacobs
HSFA,Maria Elvira Salazar
HSFA,Kathy E. Manning
HSFA,Bill Huizenga
HSFA,Sheila Cherfilus-McCormick
HSFA,Aumua Amata Coleman Radewagen
HSFA,Greg Stanton
HSFA,J. French Hill
HSFA,Madeleine Dean
HSFA,Warren Davidson
HSFA,Jared Moskowitz
HSFA,James R. Baird
HSFA,Jonathan L. Jackson
HSFA,Michael Waltz
HSFA,Sydney Kamlager-Dove
HSFA,"Thomas H. Kean, Jr."
HSFA,Jim Costa
HSFA,Michael Lawler
HSFA,Jason Crow
HSFA,Cory Mills
HSFA,Bradley Scott Schneider
HSFA,Richard McCormick
HSFA,Nathaniel Moran
HSFA,John James
HSFA,Keith Self
HSFA05,Young Kim
HSFA05,Ami Bera
HSFA05,Ann Wagner
HSFA05,Andy Kim
HSFA05,Ken Buck
HSFA05,Brad Sherman
HSFA05,Mark E. Green
HSFA05,Gerald E. Connolly
HSFA05,Andy Barr
HSFA05,William R. Keating
HSFA05,Aumua Amata Coleman Radewagen
HSFA05,Joaquin Castro
HSFA05,Warren Davidson
HSFA05,Michael Waltz
HSFA16,John James
HSFA16,Sara Jacobs
HSFA16,Christopher H. Smith
HSFA16,Sheila Cherfilus-McCormick
HSFA16,Young Kim
HSFA16,Colin Z. Allred
HSFA16,James R. Baird
HSFA16,Jonathan L. Jackson
HSFA16,"Thomas H. Kean, Jr."
HSFA16,Cory Mills
HSSY21,Jay Obernolte
HSSY21,Valerie P. Foushee
HSSY21,Brian Babin
HSSY21,Kevin Mullin
HSSY21,Max L. Miller
HSSY21,Jeff Jackson
HSSY21,Richard McCormick
HSSY20,Brandon Williams
HSSY20,Jamaal Bowman
HSSY20,"Randy K. Weber, Sr."
HSSY20,Summer L. Lee
HSSY20,James R. Baird
HSSY20,Deborah K. Ross
HSSY20,Stephanie I. Bice
HSSY20,Eric Sorensen
HSSY20,"Charles J. ""Chuck"" Fleischmann"
HSSY20,Andrea Salinas
HSSY20,Claudia Tenney
HSSY20,Valerie P. Foushee
HSSY20,Max L. Miller
HSSY20,"Thomas H. Kean, Jr."
HSAP06,Michael K. Simpson
HSAP06,Chellie Pingree
HSAP06,Mark E. Amodei
HSAP06,Betty McCollum
HSAP06,Guy Reschenthaler
HSAP06,Derek Kilmer
HSAP06,Michael Cloud
HSAP06,Josh Harder
HSAP06,Ryan K. Zinke
HSAP06,Jake Ellzey
HSAP07,Robert B. Aderholt
HSAP07,Rosa L. DeLauro
HSAP07,Michael K. Simpson
HSAP07,Steny H. Hoyer
HSAP07,Andy Harris
HSAP07,Barbara Lee
HSAP07,"Charles J. ""Chuck"" Fleischmann"
HSAP07,Mark Pocan
HSAP07,John R. Moolenaar
HSAP07,Lois Frankel
HSAP07,Julia Letlow
HSAP07,Bonnie Watson Coleman
HSAP07,Andrew S. Clyde
HSAP07,Josh Harder
HSAP07,Jake LaTurner
HSAP07,Jake Ellzey
HSAP07,Juan Ciscomani
HSRU,Tom Cole
HSRU,James P. McGovern
HSRU,Michael C. Burgess
HSRU,Mary Gay Scanlon
HSRU,Guy Reschenthaler
HSRU,Joe Neguse
HSRU,Michelle Fischbach
HSRU,Teresa Leger Fernandez
HSRU,Thomas Massie
HSRU,Ralph Norman
HSRU,Chip Roy
HSRU,Erin Houchin
HSRU,Nicholas A. Langworthy
HSED02,Bob Good
HSED02,Mark DeSaulnier
HSED02,Joe Wilson
HSED02,Joe Courtney
HSED02,Tim Walberg
HSED02,Donald Norcross
HSED02,Rick W. Allen
HSED02,Susan Wild
HSED02,Jim Banks
HSED02,Frank J. Mrvan
HSED02,James Comer
HSED02,Pramila Jayapal
HSED02,Lloyd Smucker
HSED02,Lucy McBath
HSED02,Michelle Steel
HSED02,Jahana Hayes
HSED02,Aaron Bean
HSED02,Ilhan Omar
HSED02,Eric Burlison
HSED02,Kathy E. Manning
HSED02,Lori Chavez-DeRemer
HSED02,Erin Houchin
HSGO05,Pat Fallon
HSGO05,Cori Bush
HSGO05,Byron Donalds
HSGO05,Shontel M. Brown
HSGO05,Scott Perry
HSGO05,Melanie A. Stansbury
HSGO05,Lisa C. McClain
HSGO05,Eleanor Holmes Norton
HSGO05,Lauren Boebert
HSGO05,Raja Krishnamoorthi
HSGO05,Russell Fry
HSGO05,Ro Khanna
HSGO05,Anna Paulina Luna
HSGO05,Chuck Edwards
HSGO05,Nicholas A. Langworthy
HSAP04,Mario Diaz-Balart
HSAP04,Barbara Lee
HSAP04,Harold Rogers
HSAP04,Grace Meng
HSAP04,Guy Reschenthaler
HSAP04,Lois Frankel
HSAP04,"Charles J. ""Chuck"" Fleischmann"
HSAP04,Norma J. Torres
HSAP04,Jake LaTurner
HSAP04,Jerry L. Carl
HSHM,Mark E. Green
HSHM,Bennie G. Thompson
HSHM,Michael T. McCaul
HSHM,Sheila Jackson Lee
HSHM,Clay Higgins
HSHM,"Donald M. Payne, Jr."
HSHM,Michael Guest
HSHM,Eric Swalwell
HSHM,Dan Bishop
HSHM,J. Luis Correa
HSHM,Carlos A. Gimenez
HSHM,Troy A. Carter
HSHM,August Pfluger
HSHM,Shri Thanedar
HSHM,Andrew R. Garbarino
HSHM,Seth Magaziner
HSHM,Marjorie Taylor Greene
HSHM,Glenn Ivey
HSHM,Tony Gonzales
HSHM,Daniel S. Goldman
HSHM,Nick LaLota
HSHM,Robert Garcia
HSHM,Mike Ezell
HSHM,Delia C. Ramirez
HSHM,Anthony D’Esposito
HSHM,Robert Menendez
HSHM,Laurel M. Lee
HSHM,Yvette D. Clarke
HSHM,Morgan Luttrell
HSHM,Dina Titus
HSHM,Dale W. Strong
HSHM,Josh Brecheen
HSHM,Elijah Crane
HSHM05,August Pfluger
HSHM05,Seth Magaziner
HSHM05,Dan Bishop
HSHM05,J. Luis Correa
HSHM05,Tony Gonzales
HSHM05,Daniel S. Goldman
HSHM05,Anthony D’Esposito
HSHM05,Dina Titus
HSHM05,Elijah Crane
HSJU05,Thomas Massie
HSJU05,Darrell Issa
HSJU05,"Henry C. ""Hank"" Johnson, Jr."
HSJU05,Ken Buck
HSJU05,Eric Swalwell
HSJU05,Matt Gaetz
HSJU05,Ted Lieu
HSJU05,Mike Johnson
HSJU05,Pramila Jayapal
HSJU05,Dan Bishop
HSJU05,J. Luis Correa
HSJU05,Victoria Spartz
HSJU05,Mary Gay Scanlon
HSJU05,Scott Fitzgerald
HSJU05,Joe Neguse
HSJU05,Cliff Bentz
HSJU05,Lucy McBath
HSJU05,Ben Cline
HSJU05,Zoe Lofgren
HSJU05,Lance Gooden
HSJU05,Steve Cohen
HSJU05,Jefferson Van Drew
HSJU05,Glenn Ivey
HSJU05,Harriet M. Hageman
HSJU05,Nathaniel Moran
HSFA14,"Thomas H. Kean, Jr."
HSFA14,William R. Keating
HSFA14,Joe Wilson
HSFA14,Dina Titus
HSFA14,Darrell Issa
HSFA14,Madeleine Dean
HSFA14,Ann Wagner
HSFA14,Jim Costa
HSFA14,Bill Huizenga
HSFA14,Susan Wild
HSFA14,Michael Lawler
HSFA14,Nathaniel Moran
HSFA14,Keith Self
HSHA,Bryan Steil
HSHA,Joseph D. Morelle
HSHA,Barry Loudermilk
HSHA,Terri A. Sewell
HSHA,H. Morgan Griffith
HSHA,Derek Kilmer
HSHA,Gregory F. Murphy
HSHA,Norma J. Torres
HSHA,Stephanie I. Bice
HSHA,Mike Carey
HSHA,Laurel M. Lee
HSHA,Anthony D’Esposito
JSLC,Amy Klobuchar
JSLC,Bryan Steil
JSLC,Mark R. Warner
JSLC,Mark E. Amodei
JSLC,Jon Ossoff
JSLC,Mike Carey
JSLC,Deb Fischer
JSLC,Cindy Hyde-Smith
JSLC,Joseph D. Morelle
JSLC,Terri A. Sewell
JSPR,Amy Klobuchar
JSPR,Bryan Steil
JSPR,Jeff Merkley
JSPR,H. Morgan Griffith
JSPR,Alex Padilla
JSPR,Gregory F. Murphy
JSPR,Deb Fischer
JSPR,Bill Hagerty
JSPR,Joseph D. Morelle
JSPR,Derek Kilmer
HSWM03,Darin LaHood
HSWM03,Danny K. Davis
HSWM03,Brad R. Wenstrup
HSWM03,Judy Chu
HSWM03,Mike Carey
HSWM03,Gwen Moore
HSWM03,Blake D. Moore
HSWM03,Dwight Evans
HSWM03,Michelle Steel
HSWM03,Terri A. Sewell
HSWM03,Lloyd Smucker
HSWM03,Adrian Smith
HSWM03,Claudia Tenney
HSWM04,Adrian Smith
HSWM04,Earl Blumenauer
HSWM04,Vern Buchanan
HSWM04,Brian Higgins
HSWM04,Darin LaHood
HSWM04,Daniel T. Kildee
HSWM04,Jodey C. Arrington
HSWM04,Jimmy Panetta
HSWM04,Ron Estes
HSWM04,Suzan K. DelBene
HSWM04,Carol D. Miller
HSWM04,"Donald S. Beyer, Jr."
HSWM04,Lloyd Smucker
HSWM04,Linda T. Sánchez
HSWM04,Gregory F. Murphy
HSWM04,Terri A. Sewell
HSWM04,W. Gregory Steube
HSWM04,Michelle Fischbach
HSWM04,David Kustoff
HSAP18,John R. Carter
HSAP18,Debbie Wasserman Schultz
HSAP18,David G. Valadao
HSAP18,"Sanford D. Bishop, Jr."
HSAP18,John H. Rutherford
HSAP18,Susie Lee
HSAP18,Tony Gonzales
HSAP18,Henry Cuellar
HSAP18,Michael Guest
HSAP18,Chellie Pingree
HSAP18,Ryan K. Zinke
HSAP18,Stephanie I. Bice
HSAP18,C. Scott Franklin
HSSM,Roger Williams
HSSM,Nydia M. Velázquez
HSSM,Blaine Luetkemeyer
HSSM,Jared F. Golden
HSSM,Pete Stauber
HSSM,Kweisi Mfume
HSSM,Daniel Meuser
HSSM,Dean Phillips
HSSM,Beth Van Duyne
HSSM,Greg Landsman
HSSM,Maria Elvira Salazar
HSSM,Marie Gluesenkamp Perez
HSSM,Tracey Mann
HSSM,Shri Thanedar
HSSM,Jake Ellzey
HSSM,Morgan McGarvey
HSSM,Marcus J. Molinaro
HSSM,Hillary J. Scholten
HSSM,Mark Alford
HSSM,Judy Chu
HSSM,Elijah Crane
HSSM,Sharice Davids
HSSM,Aaron Bean
HSSM,Chris Pappas
HSSM,Wesley Hunt
HSSM,Nick LaLota
HSSM24,Beth Van Duyne
HSSM24,Kweisi Mfume
HSSM24,Mark Alford
HSSM24,Marie Gluesenkamp Perez
HSSM24,Elijah Crane
HSSM24,Jared F. Golden
HSSM24,Aaron Bean
HSSM24,Wesley Hunt
HSSM27,Daniel Meuser
HSSM27,Greg Landsman
HSSM27,Blaine Luetkemeyer
HSSM27,Dean Phillips
HSSM27,Beth Van Duyne
HSSM27,Judy Chu
HSSM27,Mark Alford
HSSM27,Sharice Davids
HSSM27,Nick LaLota
HSSM27,Jared F. Golden
HSWM06,David Schweikert
HSWM06,"Bill Pascrell, Jr."
HSWM06,Brian K. Fitzpatrick
HSWM06,Judy Chu
HSWM06,W. Gregory Steube
HSWM06,Bradley Scott Schneider
HSWM06,Claudia Tenney
HSWM06,Suzan K. DelBene
HSWM06,Michelle Fischbach
HSWM06,Gwen Moore
HSWM06,Beth Van Duyne
HSWM06,Randy Feenstra
HSWM06,Nicole Malliotakis
HSFA13,Joe Wilson
HSFA13,Dean Phillips
HSFA13,Brian J. Mast
HSFA13,Brad Sherman
HSFA13,Tim Burchett
HSFA13,Gerald E. Connolly
HSFA13,Ronny Jackson
HSFA13,Kathy E. Manning
HSFA13,James R. Baird
HSFA13,Michael Lawler
HSFA13,Richard McCormick
HSFA17,Brian J. Mast
HSFA17,Jason Crow
HSFA17,Scott Perry
HSFA17,Dina Titus
HSFA17,Darrell Issa
HSFA17,Colin Z. Allred
HSFA17,Tim Burchett
HSFA17,Andy Kim
HSFA17,J. French Hill
HSFA17,Sheila Cherfilus-McCormick
HSFA17,Michael Waltz
HSFA17,Madeleine Dean
HSFA17,Cory Mills
HSFA17,Nathaniel Moran
HSAP15,David P. Joyce
HSAP15,Henry Cuellar
HSAP15,John H. Rutherford
HSAP15,Lauren Underwood
HSAP15,Andy Harris
HSAP15,Ed Case
HSAP15,Dan Newhouse
HSAP15,David J. Trone
HSAP15,Ashley Hinson
HSAP15,Michael Cloud
HSAP15,Michael Guest
HSHA08,Laurel M. Lee
HSHA08,Terri A. Sewell
HSHA08,Barry Loudermilk
HSHA08,Norma J. Torres
HSHA08,Stephanie I. Bice
HSHA08,Anthony D’Esposito
HSRU04,Michael C. Burgess
HSRU04,Mary Gay Scanlon
HSRU04,Tom Cole
HSRU04,James P. McGovern
HSRU04,Guy Reschenthaler
HSRU04,Thomas Massie
HSRU04,Erin Houchin
HSED10,Kevin Kiley
HSED10,Alma S. Adams
HSED10,Glenn Grothman
HSED10,Ilhan Omar
HSED10,Elise M. Stefanik
HSED10,Haley M. Stevens
HSED10,James Comer
HSED10,Mark Takano
HSED10,Mary E. Miller
HSED10,Eric Burlison
HSVR11,"Matthew M. Rosendale, Sr."
HSVR11,Sheila Cherfilus-McCormick
HSVR11,Nancy Mace
HSVR11,Greg Landsman
HSVR11,Keith Self
HSVC,Brad R. Wenstrup
HSVC,Raul Ruiz
HSVC,Nicole Malliotakis
HSVC,Debbie Dingell
HSVC,Mariannette Miller-Meeks
HSVC,Kweisi Mfume
HSVC,Debbie Lesko
HSVC,Deborah K. Ross
HSVC,Michael Cloud
HSVC,Robert Garcia
HSVC,John Joyce
HSVC,Ami Bera
HSVC,Marjorie Taylor Greene
HSVC,Jill N. Tokuda
HSVC,Ronny Jackson
HSVC,Richard McCormick
HSHM11,Clay Higgins
HSHM11,J. Luis Correa
HSHM11,Michael Guest
HSHM11,Sheila Jackson Lee
HSHM11,Marjorie Taylor Greene
HSHM11,Shri Thanedar
HSHM11,Tony Gonzales
HSHM11,Robert Garcia
HSHM11,Morgan Luttrell
HSHM11,Delia C. Ramirez
HSHM11,Josh Brecheen
HSHM09,Dan Bishop
HSHM09,Glenn Ivey
HSHM09,Marjorie Taylor Greene
HSHM09,Shri Thanedar
HSHM09,Mike Ezell
HSHM09,Delia C. Ramirez
HSHM09,Dale W. Strong
HSHM09,Yvette D. Clarke
HSHM09,Elijah Crane
HSFA07,Maria Elvira Salazar
HSFA07,Joaquin Castro
HSFA07,Mark E. Green
HSFA07,Greg Stanton
HSFA07,Bill Huizenga
HSFA07,Jared Moskowitz
HSFA07,Warren Davidson
HSFA07,Sydney Kamlager-Dove
HSFA07,Keith Self
HSFA07,John James
HSRU02,Michelle Fischbach
HSRU02,Teresa Leger Fernandez
HSRU02,Tom Cole
HSRU02,Joe Neguse
HSRU02,Ralph Norman
HSRU02,Chip Roy
HSRU02,Nicholas A. Langworthy
HSHM12,Anthony D’Esposito
HSHM12,Troy A. Carter
HSHM12,Nick LaLota
HSHM12,"Donald M. Payne, Jr."
HSHM12,Dale W. Strong
HSHM12,Daniel S. Goldman
HSHM12,Josh Brecheen
HSSO,Michael Guest
HSSO,Susan Wild
HSSO,David P. Joyce
HSSO,Veronica Escobar
HSSO,John H. Rutherford
HSSO,Mark DeSaulnier
HSSO,Andrew R. Garbarino
HSSO,Deborah K. Ross
HSSO,Michelle Fischbach
HSSO,Glenn Ivey
HSSY15,Mike Collins
HSSY15,Haley M. Stevens
HSSY15,James R. Baird
HSSY15,Andrea Salinas
HSSY15,Darrell Issa
HSSY15,Kevin Mullin
HSSY15,"Eric A. ""Rick"" Crawford"
HSSY15,Emilia Strong Sykes
HSSY15,C. Scott Franklin
HSSY15,Suzanne Bonamici
HSSY15,Brandon Williams
HSSY15,"Thomas H. Kean, Jr."
HSSY18,Max L. Miller
HSSY18,Deborah K. Ross
HSSY18,Bill Posey
HSSY18,Suzanne Bonamici
HSSY18,"Eric A. ""Rick"" Crawford"
HSSY18,Maxwell Frost
HSSY18,Ryan K. Zinke
HSSY18,Mike Collins
HSHM07,Carlos A. Gimenez
HSHM07,Shri Thanedar
HSHM07,Clay Higgins
HSHM07,"Donald M. Payne, Jr."
HSHM07,Nick LaLota
HSHM07,Robert Garcia
HSHM07,Laurel M. Lee
HSSM23,Nick LaLota
HSSM23,Hillary J. Scholten
HSSM23,Maria Elvira Salazar
HSSM23,Kweisi Mfume
HSSM23,Jake Ellzey
HSSM23,Morgan McGarvey
HSSM23,Marcus J. Molinaro
HSSM23,Judy Chu
HSSM23,Aaron Bean
HSSM23,Shri Thanedar
HSBA09,Bill Huizenga
HSBA09,Al Green
HSBA09,Pete Sessions
HSBA09,Steven Horsford
HSBA09,Ann Wagner
HSBA09,Rashida Tlaib
HSBA09,Alexander X. Mooney
HSBA09,Sylvia R. Garcia
HSBA09,John W. Rose
HSBA09,Nikema Williams
HSBA09,Daniel Meuser
HSBA09,Andrew Ogles
HSHM08,Andrew R. Garbarino
HSHM08,Eric Swalwell
HSHM08,Carlos A. Gimenez
HSHM08,Sheila Jackson Lee
HSHM08,Mike Ezell
HSHM08,Troy A. Carter
HSHM08,Laurel M. Lee
HSHM08,Robert Menendez
HSHM08,Morgan Luttrell
HSAP24,Mark E. Amodei
HSAP24,Adriano Espaillat
HSAP24,Andrew S. Clyde
HSAP24,Jennifer Wexton
HSAP24,Jake LaTurner
HSAP24,Mike Quigley
HSAP24,Stephanie I. Bice
HSAP24,C. Scott Franklin
HSBA21,J. French Hill
HSBA21,Stephen F. Lynch
HSBA21,Frank D. Lucas
HSBA21,Bill Foster
HSBA21,Tom Emmer
HSBA21,Josh Gottheimer
HSBA21,Warren Davidson
HSBA21,Ritchie Torres
HSBA21,John W. Rose
HSBA21,Brad Sherman
HSBA21,Bryan Steil
HSBA21,Al Green
HSBA21,William R. Timmons IV
HSBA21,Sean Casten
HSBA21,Byron Donalds
HSBA21,Wiley Nickel
HSBA21,Mike Flood
HSBA21,Erin Houchin
HSFD,Jim Jordan
HSFD,Stacey E. Plaskett
HSFD,Darrell Issa
HSFD,Stephen F. Lynch
HSFD,Thomas Massie
HSFD,Linda T. Sánchez
HSFD,Elise M. Stefanik
HSFD,Debbie Wasserman Schultz
HSFD,Mike Johnson
HSFD,Gerald E. Connolly
HSFD,Matt Gaetz
HSFD,John Garamendi
HSFD,Kelly Armstrong
HSFD,Colin Z. Allred
HSFD,W. Gregory Steube
HSFD,Sylvia R. Garcia
HSFD,Dan Bishop
HSFD,Daniel S. Goldman
HSFD,Kat Cammack
HSFD,Harriet M. Hageman
HSZS,Mike Gallagher
HSZS,Raja Krishnamoorthi
HSZS,Robert J. Wittman
HSZS,Kathy Castor
HSZS,Blaine Luetkemeyer
HSZS,André Carson
HSZS,Andy Barr
HSZS,Seth Moulton
HSZS,Dan Newhouse
HSZS,Ro Khanna
HSZS,John R. Moolenaar
HSZS,Andy Kim
HSZS,Darin LaHood
HSZS,Mikie Sherrill
HSZS,Neal P. Dunn
HSZS,Haley M. Stevens
HSZS,Jim Banks
HSZS,Jake Auchincloss
HSZS,Dusty Johnson
HSZS,Ritchie Torres
HSZS,Michelle Steel
HSZS,Shontel M. Brown
HSZS,Ashley Hinson
HSZS,Carlos A. Gimenez
HSBA20,Andy Barr
HSBA20,Bill Foster
HSBA20,Bill Posey
HSBA20,Nydia M. Velázquez
HSBA20,Blaine Luetkemeyer
HSBA20,Brad Sherman
HSBA20,Roger Williams
HSBA20,Gregory W. Meeks
HSBA20,Barry Loudermilk
HSBA20,David Scott
HSBA20,John W. Rose
HSBA20,Al Green
HSBA20,William R. Timmons IV
HSBA20,Joyce Beatty
HSBA20,Ralph Norman
HSBA20,Juan Vargas
HSBA20,Scott Fitzgerald
HSBA20,Sean Casten
HSBA20,Young Kim
HSBA20,Ayanna Pressley
HSBA20,Byron Donalds
HSBA20,Monica De La Cruz
HSBA20,Andrew Ogles
HSHA06,Barry Loudermilk
HSHA06,Norma J. Torres
HSHA06,H. Morgan Griffith
HSHA06,Derek Kilmer
HSHA06,Gregory F. Murphy
HSHA06,Anthony D’Esposito
HSHA27,Stephanie I. Bice
HSHA27,Derek Kilmer
HSHA27,Mike Carey
HSHA27,Joseph D. Morelle
HSJU13,Ben Cline
HSJU13,Eric Swalwell
HSJU13,Jefferson Van Drew
HSJU13,Glenn Ivey
HSJU13,Nathaniel Moran
HSJU13,Laurel M. Lee
SSAF,Debbie Stabenow
SSAF,Sherrod Brown
SSAF,Amy Klobuchar
SSAF,Michael F. Bennet
SSAF,Kirsten E. Gillibrand
SSAF,Tina Smith
SSAF,Richard J. Durbin
SSAF,Cory A. Booker
SSAF,Ben Ray Luján
SSAF,Raphael G. Warnock
SSAF,Peter Welch
SSAF,John Fetterman
SSAF,John Boozman
SSAF,Mitch McConnell
SSAF,John Hoeven
SSAF,Joni Ernst
SSAF,Cindy Hyde-Smith
SSAF,Roger Marshall
SSAF,Tommy Tuberville
SSAF,Mike Braun
SSAF,Chuck Grassley
SSAF,John Thune
SSAF,Deb Fischer
SSAF13,Tina Smith
SSAF13,Kirsten E. Gillibrand
SSAF13,Richard J. Durbin
SSAF13,Cory A. Booker
SSAF13,Raphael G. Warnock
SSAF13,John Fetterman
SSAF13,Debbie Stabenow
SSAF13,Cindy Hyde-Smith
SSAF13,Mitch McConnell
SSAF13,Joni Ernst
SSAF13,Tommy Tuberville
SSAF13,Chuck Grassley
SSAF13,John Boozman
SSAF14,Michael F. Bennet
SSAF14,Amy Klobuchar
SSAF14,Tina Smith
SSAF14,Ben Ray Luján
SSAF14,Raphael G. Warnock
SSAF14,Peter Welch
SSAF14,Debbie Stabenow
SSAF14,Roger Marshall
SSAF14,Mitch McConnell
SSAF14,John Hoeven
SSAF14,Cindy Hyde-Smith
SSAF14,John Thune
SSAF14,John Boozman
SSAF16,John Fetterman
SSAF16,Sherrod Brown
SSAF16,Amy Klobuchar
SSAF16,Kirsten E. Gillibrand
SSAF16,Cory A. Booker
SSAF16,Raphael G. Warnock
SSAF16,Debbie Stabenow
SSAF16,Mike Braun
SSAF16,Mitch McConnell
SSAF16,Joni Ernst
SSAF16,Roger Marshall
SSAF16,Tommy Tuberville
SSAF16,John Boozman
SSAF17,Kirsten E. Gillibrand
SSAF17,Sherrod Brown
SSAF17,Richard J. Durbin
SSAF17,Cory A. Booker
SSAF17,Ben Ray Luján
SSAF17,Peter Welch
SSAF17,Debbie Stabenow
SSAF17,John Hoeven
SSAF17,Cindy Hyde-Smith
SSAF17,Roger Marshall
SSAF17,John Thune
SSAF17,Deb Fischer
SSAF17,John Boozman
SSAF15,Peter Welch
SSAF15,Amy Klobuchar
SSAF15,Michael F. Bennet
SSAF15,Tina Smith
SSAF15,Richard J. Durbin
SSAF15,Ben Ray Luján
SSAF15,Debbie Stabenow
SSAF15,Tommy Tuberville
SSAF15,Joni Ernst
SSAF15,Mike Braun
SSAF15,Chuck Grassley
SSAF15,Deb Fischer
SSAF15,John Boozman
SSAP,Patty Murray
SSAP,Richard J. Durbin
SSAP,Jack Reed
SSAP,Jon Tester
SSAP,Jeanne Shaheen
SSAP,Jeff Merkley
SSAP,Christopher A. Coons
SSAP,Brian Schatz
SSAP,Tammy Baldwin
SSAP,Christopher Murphy
SSAP,"Joe Manchin, III"
SSAP,Chris Van Hollen
SSAP,Martin Heinrich
SSAP,Gary C. Peters
SSAP,Susan M. Collins
SSAP,Mitch McConnell
SSAP,Lisa Murkowski
SSAP,Lindsey Graham
SSAP,Jerry Moran
SSAP,John Hoeven
SSAP,John Boozman
SSAP,Shelley Moore Capito
SSAP,John Kennedy
SSAP,Cindy Hyde-Smith
SSAP,Bill Hagerty
SSAP,Katie Boyd Britt
SSAP,Marco Rubio
SSAP,Deb Fischer
SSAP01,Martin Heinrich
SSAP01,Jon Tester
SSAP01,Jeff Merkley
SSAP01,Tammy Baldwin
SSAP01,"Joe Manchin, III"
SSAP01,Gary C. Peters
SSAP01,Patty Murray
SSAP01,John Hoeven
SSAP01,Mitch McConnell
SSAP01,Susan M. Collins
SSAP01,Jerry Moran
SSAP01,Cindy Hyde-Smith
SSAP01,Deb Fischer
SSAP16,Jeanne Shaheen
SSAP16,Jack Reed
SSAP16,Christopher A. Coons
SSAP16,Brian Schatz
SSAP16,"Joe Manchin, III"
SSAP16,Chris Van Hollen
SSAP16,Jeff Merkley
SSAP16,Gary C. Peters
SSAP16,Patty Murray
SSAP16,Jerry Moran
SSAP16,Lisa Murkowski
SSAP16,Susan M. Collins
SSAP16,Shelley Moore Capito
SSAP16,John Kennedy
SSAP16,Bill Hagerty
SSAP16,Katie Boyd Britt
SSAP16,Deb Fischer
SSAP02,Jon Tester
SSAP02,Richard J. Durbin
SSAP02,Patty Murray
SSAP02,Jack Reed
SSAP02,Brian Schatz
SSAP02,Tammy Baldwin
SSAP02,Jeanne Shaheen
SSAP02,Christopher Murphy
SSAP02,Susan M. Collins
SSAP02,Mitch McConnell
SSAP02,Lisa Murkowski
SSAP02,Lindsey Graham
SSAP02,Jerry Moran
SSAP02,John Hoeven
SSAP02,John Boozman
SSAP02,Shelley Moore Capito
SSAP22,Patty Murray
SSAP22,Jon Tester
SSAP22,Richard J. Durbin
SSAP22,Jeanne Shaheen
SSAP22,Jeff Merkley
SSAP22,Christopher A. Coons
SSAP22,Tammy Baldwin
SSAP22,Martin Heinrich
SSAP22,John Kennedy
SSAP22,Mitch McConnell
SSAP22,Lisa Murkowski
SSAP22,Lindsey Graham
SSAP22,John Hoeven
SSAP22,Cindy Hyde-Smith
SSAP22,Bill Hagerty
SSAP22,Katie Boyd Britt
SSAP22,Susan M. Collins
SSAP23,Chris Van Hollen
SSAP23,Richard J. Durbin
SSAP23,Christopher A. Coons
SSAP23,"Joe Manchin, III"
SSAP23,Martin Heinrich
SSAP23,Patty Murray
SSAP23,Bill Hagerty
SSAP23,John Boozman
SSAP23,John Kennedy
SSAP23,Marco Rubio
SSAP23,Susan M. Collins
SSAP14,Christopher Murphy
SSAP14,Patty Murray
SSAP14,Jon Tester
SSAP14,Jeanne Shaheen
SSAP14,Tammy Baldwin
SSAP14,Gary C. Peters
SSAP14,Katie Boyd Britt
SSAP14,Lisa Murkowski
SSAP14,Shelley Moore Capito
SSAP14,John Kennedy
SSAP14,Cindy Hyde-Smith
SSAP14,Susan M. Collins
SSAP17,Jeff Merkley
SSAP17,Jack Reed
SSAP17,Jon Tester
SSAP17,Chris Van Hollen
SSAP17,Martin Heinrich
SSAP17,Gary C. Peters
SSAP17,Patty Murray
SSAP17,Lisa Murkowski
SSAP17,Mitch McConnell
SSAP17,Shelley Moore Capito
SSAP17,John Hoeven
SSAP17,Deb Fischer
SSAP17,Katie Boyd Britt
SSAP17,Susan M. Collins
SSAP18,Tammy Baldwin
SSAP18,Patty Murray
SSAP18,Richard J. Durbin
SSAP18,Jack Reed
SSAP18,Jeanne Shaheen
SSAP18,Jeff Merkley
SSAP18,Brian Schatz
SSAP18,Christopher Murphy
SSAP18,"Joe Manchin, III"
SSAP18,Shelley Moore Capito
SSAP18,Lindsey Graham
SSAP18,Jerry Moran
SSAP18,John Kennedy
SSAP18,Cindy Hyde-Smith
SSAP18,John Boozman
SSAP18,Katie Boyd Britt
SSAP18,Marco Rubio
SSAP18,Susan M. Collins
SSAP08,Jack Reed
SSAP08,Christopher Murphy
SSAP08,Chris Van Hollen
SSAP08,Patty Murray
SSAP08,Deb Fischer
SSAP08,Marco Rubio
SSAP08,Susan M. Collins
SSAP19,Patty Murray
SSAP19,Jack Reed
SSAP19,Jon Tester
SSAP19,Brian Schatz
SSAP19,Tammy Baldwin
SSAP19,Martin Heinrich
SSAP19,Christopher A. Coons
SSAP19,"Joe Manchin, III"
SSAP19,Gary C. Peters
SSAP19,John Boozman
SSAP19,Mitch McConnell
SSAP19,Lisa Murkowski
SSAP19,John Hoeven
SSAP19,Susan M. Collins
SSAP19,Marco Rubio
SSAP19,Bill Hagerty
SSAP19,Deb Fischer
SSAP20,Christopher A. Coons
SSAP20,Richard J. Durbin
SSAP20,Jeanne Shaheen
SSAP20,Jeff Merkley
SSAP20,Christopher Murphy
SSAP20,Chris Van Hollen
SSAP20,Brian Schatz
SSAP20,Patty Murray
SSAP20,Lindsey Graham
SSAP20,Mitch McConnell
SSAP20,John Boozman
SSAP20,Jerry Moran
SSAP20,Marco Rubio
SSAP20,Bill Hagerty
SSAP20,Susan M. Collins
SSAP24,Brian Schatz
SSAP24,Patty Murray
SSAP24,Richard J. Durbin
SSAP24,Jack Reed
SSAP24,Christopher A. Coons
SSAP24,Christopher Murphy
SSAP24,"Joe Manchin, III"
SSAP24,Chris Van Hollen
SSAP24,Cindy Hyde-Smith
SSAP24,Susan M. Collins
SSAP24,John Boozman
SSAP24,Shelley Moore Capito
SSAP24,Lindsey Graham
SSAP24,John Hoeven
SSAP24,John Kennedy
SSAP24,Jerry Moran
SSAS,Jack Reed
SSAS,Jeanne Shaheen
SSAS,Kirsten E. Gillibrand
SSAS,Richard Blumenthal
SSAS,Mazie K. Hirono
SSAS,Tim Kaine
SSAS,"Angus S. King, Jr."
SSAS,Elizabeth Warren
SSAS,Gary C. Peters
SSAS,"Joe Manchin, III"
SSAS,Tammy Duckworth
SSAS,Jacky Rosen
SSAS,Mark Kelly
SSAS,Roger F. Wicker
SSAS,Deb Fischer
SSAS,Tom Cotton
SSAS,Mike Rounds
SSAS,Joni Ernst
SSAS,Dan Sullivan
SSAS,Kevin Cramer
SSAS,Rick Scott
SSAS,Tommy Tuberville
SSAS,Markwayne Mullin
SSAS,Ted Budd
SSAS,Eric Schmitt
SSAS14,Mark Kelly
SSAS14,Richard Blumenthal
SSAS14,"Angus S. King, Jr."
SSAS14,Gary C. Peters
SSAS14,"Joe Manchin, III"
SSAS14,Tammy Duckworth
SSAS14,Jack Reed
SSAS14,Tom Cotton
SSAS14,Deb Fischer
SSAS14,Joni Ernst
SSAS14,Rick Scott
SSAS14,Markwayne Mullin
SSAS14,Roger F. Wicker
SSAS21,"Joe Manchin, III"
SSAS21,Kirsten E. Gillibrand
SSAS21,Gary C. Peters
SSAS21,Tammy Duckworth
SSAS21,Jacky Rosen
SSAS21,Jack Reed
SSAS21,Mike Rounds
SSAS21,Joni Ernst
SSAS21,Ted Budd
SSAS21,Eric Schmitt
SSAS21,Roger F. Wicker
SSAS20,Kirsten E. Gillibrand
SSAS20,Jeanne Shaheen
SSAS20,Elizabeth Warren
SSAS20,Gary C. Peters
SSAS20,Jacky Rosen
SSAS20,Mark Kelly
SSAS20,Jack Reed
SSAS20,Joni Ernst
SSAS20,Tom Cotton
SSAS20,Markwayne Mullin
SSAS20,Ted Budd
SSAS20,Eric Schmitt
SSAS20,Roger F. Wicker
SSAS17,Elizabeth Warren
SSAS17,Richard Blumenthal
SSAS17,Mazie K. Hirono
SSAS17,Tim Kaine
SSAS17,Tammy Duckworth
SSAS17,Jack Reed
SSAS17,Rick Scott
SSAS17,Mike Rounds
SSAS17,Dan Sullivan
SSAS17,Ted Budd
SSAS17,Roger F. Wicker
SSAS15,Mazie K. Hirono
SSAS15,Jeanne Shaheen
SSAS15,Richard Blumenthal
SSAS15,Tim Kaine
SSAS15,Tammy Duckworth
SSAS15,Mark Kelly
SSAS15,Jack Reed
SSAS15,Dan Sullivan
SSAS15,Deb Fischer
SSAS15,Kevin Cramer
SSAS15,Tommy Tuberville
SSAS15,Markwayne Mullin
SSAS15,Roger F. Wicker
SSAS13,Tim Kaine
SSAS13,Jeanne Shaheen
SSAS13,Richard Blumenthal
SSAS13,Mazie K. Hirono
SSAS13,"Angus S. King, Jr."
SSAS13,Gary C. Peters
SSAS13,Jack Reed
SSAS13,Kevin Cramer
SSAS13,Dan Sullivan
SSAS13,Rick Scott
SSAS13,Tommy Tuberville
SSAS13,Eric Schmitt
SSAS13,Roger F. Wicker
SSAS16,"Angus S. King, Jr."
SSAS16,Kirsten E. Gillibrand
SSAS16,Elizabeth Warren
SSAS16,"Joe Manchin, III"
SSAS16,Jacky Rosen
SSAS16,Mark Kelly
SSAS16,Jack Reed
SSAS16,Deb Fischer
SSAS16,Tom Cotton
SSAS16,Mike Rounds
SSAS16,Kevin Cramer
SSAS16,Tommy Tuberville
SSAS16,Roger F. Wicker
SSBK,Sherrod Brown
SSBK,Jack Reed
SSBK,Robert Menendez
SSBK,Jon Tester
SSBK,Mark R. Warner
SSBK,Elizabeth Warren
SSBK,Chris Van Hollen
SSBK,Catherine Cortez Masto
SSBK,Tina Smith
SSBK,Kyrsten Sinema
SSBK,Raphael G. Warnock
SSBK,John Fetterman
SSBK,Tim Scott
SSBK,Mike Crapo
SSBK,Mike Rounds
SSBK,Thom Tillis
SSBK,John Kennedy
SSBK,Bill Hagerty
SSBK,Cynthia M. Lummis
SSBK,J.D. Vance
SSBK,Katie Boyd Britt
SSBK,Kevin Cramer
SSBK,Steve Daines
SSBK12,Elizabeth Warren
SSBK12,Jack Reed
SSBK12,Robert Menendez
SSBK12,Chris Van Hollen
SSBK12,Tina Smith
SSBK12,John Fetterman
SSBK12,Sherrod Brown
SSBK12,John Kennedy
SSBK12,Mike Rounds
SSBK12,Thom Tillis
SSBK12,Cynthia M. Lummis
SSBK12,Steve Daines
SSBK12,Tim Scott
SSBK08,Raphael G. Warnock
SSBK08,Mark R. Warner
SSBK08,Elizabeth Warren
SSBK08,Chris Van Hollen
SSBK08,Catherine Cortez Masto
SSBK08,Tina Smith
SSBK08,John Fetterman
SSBK08,Sherrod Brown
SSBK08,Thom Tillis
SSBK08,Mike Crapo
SSBK08,Cynthia M. Lummis
SSBK08,J.D. Vance
SSBK08,Katie Boyd Britt
SSBK08,Kevin Cramer
SSBK08,Tim Scott
SSBK09,Tina Smith
SSBK09,Jack Reed
SSBK09,Robert Menendez
SSBK09,Jon Tester
SSBK09,Catherine Cortez Masto
SSBK09,Kyrsten Sinema
SSBK09,Raphael G. Warnock
SSBK09,John Fetterman
SSBK09,Sherrod Brown
SSBK09,Cynthia M. Lummis
SSBK09,Mike Crapo
SSBK09,Mike Rounds
SSBK09,John Kennedy
SSBK09,Bill Hagerty
SSBK09,J.D. Vance
SSBK09,Katie Boyd Britt
SSBK09,Tim Scott
SSBK05,Mark R. Warner
SSBK05,Jon Tester
SSBK05,Chris Van Hollen
SSBK05,Catherine Cortez Masto
SSBK05,Kyrsten Sinema
SSBK05,Sherrod Brown
SSBK05,Bill Hagerty
SSBK05,Katie Boyd Britt
SSBK05,Kevin Cramer
SSBK05,Steve Daines
SSBK05,Tim Scott
SSBK04,Robert Menendez
SSBK04,Jack Reed
SSBK04,Jon Tester
SSBK04,Mark R. Warner
SSBK04,Elizabeth Warren
SSBK04,Kyrsten Sinema
SSBK04,Raphael G. Warnock
SSBK04,Sherrod Brown
SSBK04,Mike Rounds
SSBK04,Mike Crapo
SSBK04,Thom Tillis
SSBK04,John Kennedy
SSBK04,Bill Hagerty
SSBK04,J.D. Vance
SSBK04,Tim Scott
SSCM,Maria Cantwell
SSCM,Amy Klobuchar
SSCM,Brian Schatz
SSCM,Edward J. Markey
SSCM,Gary C. Peters
SSCM,Tammy Baldwin
SSCM,Tammy Duckworth
SSCM,Jon Tester
SSCM,Kyrsten Sinema
SSCM,Jacky Rosen
SSCM,Ben Ray Luján
SSCM,John W. Hickenlooper
SSCM,Raphael G. Warnock
SSCM,Peter Welch
SSCM,Ted Cruz
SSCM,John Thune
SSCM,Roger F. Wicker
SSCM,Deb Fischer
SSCM,Jerry Moran
SSCM,Dan Sullivan
SSCM,Marsha Blackburn
SSCM,Todd Young
SSCM,Ted Budd
SSCM,Eric Schmitt
SSCM,J.D. Vance
SSCM,Shelley Moore Capito
SSCM,Cynthia M. Lummis
SSCM33,Tammy Duckworth
SSCM33,Jon Tester
SSCM33,Kyrsten Sinema
SSCM33,Jacky Rosen
SSCM33,John W. Hickenlooper
SSCM33,Raphael G. Warnock
SSCM33,Maria Cantwell
SSCM33,Jerry Moran
SSCM33,John Thune
SSCM33,Roger F. Wicker
SSCM33,Dan Sullivan
SSCM33,Todd Young
SSCM33,Ted Cruz
SSCM34,Ben Ray Luján
SSCM34,Amy Klobuchar
SSCM34,Brian Schatz
SSCM34,Edward J. Markey
SSCM34,Gary C. Peters
SSCM34,Tammy Baldwin
SSCM34,Tammy Duckworth
SSCM34,Jon Tester
SSCM34,Kyrsten Sinema
SSCM34,Jacky Rosen
SSCM34,John W. Hickenlooper
SSCM34,Raphael G. Warnock
SSCM34,Peter Welch
SSCM34,Maria Cantwell
SSCM34,John Thune
SSCM34,Roger F. Wicker
SSCM34,Deb Fischer
SSCM34,Jerry Moran
SSCM34,Dan Sullivan
SSCM34,Marsha Blackburn
SSCM34,Todd Young
SSCM34,Ted Budd
SSCM34,Eric Schmitt
SSCM34,J.D. Vance
SSCM34,Shelley Moore Capito
SSCM34,Cynthia M. Lummis
SSCM34,Ted Cruz
SSCM35,John W. Hickenlooper
SSCM35,Amy Klobuchar
SSCM35,Brian Schatz
SSCM35,Edward J. Markey
SSCM35,Tammy Baldwin
SSCM35,Tammy Duckworth
SSCM35,Ben Ray Luján
SSCM35,Peter Welch
SSCM35,Maria Cantwell
SSCM35,Marsha Blackburn
SSCM35,Deb Fischer
SSCM35,Jerry Moran
SSCM35,Dan Sullivan
SSCM35,Todd Young
SSCM35,Ted Budd
SSCM35,Cynthia M. Lummis
SSCM35,Ted Cruz
SSCM36,Tammy Baldwin
SSCM36,Brian Schatz
SSCM36,Edward J. Markey
SSCM36,Ben Ray Luján
SSCM36,Raphael G. Warnock
SSCM36,Peter Welch
SSCM36,Maria Cantwell
SSCM36,Dan Sullivan
SSCM36,Roger F. Wicker
SSCM36,Jerry Moran
SSCM36,Marsha Blackburn
SSCM36,J.D. Vance
SSCM36,Ted Cruz
SSCM37,Kyrsten Sinema
SSCM37,Edward J. Markey
SSCM37,Gary C. Peters
SSCM37,Ben Ray Luján
SSCM37,John W. Hickenlooper
SSCM37,Maria Cantwell
SSCM37,Eric Schmitt
SSCM37,Deb Fischer
SSCM37,J.D. Vance
SSCM37,Cynthia M. Lummis
SSCM37,Ted Cruz
SSCM38,Gary C. Peters
SSCM38,Amy Klobuchar
SSCM38,Brian Schatz
SSCM38,Edward J. Markey
SSCM38,Tammy Baldwin
SSCM38,Tammy Duckworth
SSCM38,Raphael G. Warnock
SSCM38,Peter Welch
SSCM38,Maria Cantwell
SSCM38,Todd Young
SSCM38,John Thune
SSCM38,Roger F. Wicker
SSCM38,Deb Fischer
SSCM38,Eric Schmitt
SSCM38,Shelley Moore Capito
SSCM38,Ted Budd
SSCM38,Ted Cruz
SSCM39,Jacky Rosen
SSCM39,Amy Klobuchar
SSCM39,Tammy Duckworth
SSCM39,Kyrsten Sinema
SSCM39,John W. Hickenlooper
SSCM39,Maria Cantwell
SSCM39,Ted Budd
SSCM39,John Thune
SSCM39,Marsha Blackburn
SSCM39,Shelley Moore Capito
SSCM39,Ted Cruz
SSEG,"Joe Manchin, III"
SSEG,Ron Wyden
SSEG,Maria Cantwell
SSEG,Bernard Sanders
SSEG,Martin Heinrich
SSEG,Mazie K. Hirono
SSEG,"Angus S. King, Jr."
SSEG,Catherine Cortez Masto
SSEG,Mark Kelly
SSEG,John W. Hickenlooper
SSEG,John Barrasso
SSEG,James E. Risch
SSEG,Mike Lee
SSEG,Steve Daines
SSEG,Lisa Murkowski
SSEG,John Hoeven
SSEG,Bill Cassidy
SSEG,Cindy Hyde-Smith
SSEG,Josh Hawley
SSEG01,Bernard Sanders
SSEG01,Ron Wyden
SSEG01,Martin Heinrich
SSEG01,Mazie K. Hirono
SSEG01,"Angus S. King, Jr."
SSEG01,Catherine Cortez Masto
SSEG01,John W. Hickenlooper
SSEG01,"Joe Manchin, III"
SSEG01,Josh Hawley
SSEG01,James E. Risch
SSEG01,Lisa Murkowski
SSEG01,John Hoeven
SSEG01,Bill Cassidy
SSEG01,Cindy Hyde-Smith
SSEG01,John Barrasso
SSEG04,"Angus S. King, Jr."
SSEG04,Bernard Sanders
SSEG04,Martin Heinrich
SSEG04,Mazie K. Hirono
SSEG04,Mark Kelly
SSEG04,"Joe Manchin, III"
SSEG04,Steve Daines
SSEG04,Mike Lee
SSEG04,Lisa Murkowski
SSEG04,Cindy Hyde-Smith
SSEG04,John Barrasso
SSEG03,Catherine Cortez Masto
SSEG03,Ron Wyden
SSEG03,Martin Heinrich
SSEG03,Mazie K. Hirono
SSEG03,"Angus S. King, Jr."
SSEG03,Mark Kelly
SSEG03,John W. Hickenlooper
SSEG03,"Joe Manchin, III"
SSEG03,Mike Lee
SSEG03,James E. Risch
SSEG03,Steve Daines
SSEG03,Lisa Murkowski
SSEG03,Bill Cassidy
SSEG03,Josh Hawley
SSEG03,John Barrasso
SSEG07,Ron Wyden
SSEG07,Bernard Sanders
SSEG07,Catherine Cortez Masto
SSEG07,Mark Kelly
SSEG07,John W. Hickenlooper
SSEG07,"Joe Manchin, III"
SSEG07,James E. Risch
SSEG07,Mike Lee
SSEG07,John Hoeven
SSEG07,Bill Cassidy
SSEG07,John Barrasso
SSEV,Thomas R. Carper
SSEV,Benjamin L. Cardin
SSEV,Bernard Sanders
SSEV,Sheldon Whitehouse
SSEV,Jeff Merkley
SSEV,Edward J. Markey
SSEV,Debbie Stabenow
SSEV,Mark Kelly
SSEV,Alex Padilla
SSEV,John Fetterman
SSEV,Shelley Moore Capito
SSEV,Kevin Cramer
SSEV,Cynthia M. Lummis
SSEV,Markwayne Mullin
SSEV,Pete Ricketts
SSEV,John Boozman
SSEV,Roger F. Wicker
SSEV,Dan Sullivan
SSEV,Lindsey Graham
SSEV09,Jeff Merkley
SSEV09,Bernard Sanders
SSEV09,Sheldon Whitehouse
SSEV09,Edward J. Markey
SSEV09,John Fetterman
SSEV09,Thomas R. Carper
SSEV09,Markwayne Mullin
SSEV09,John Boozman
SSEV09,Roger F. Wicker
SSEV09,Dan Sullivan
SSEV09,Shelley Moore Capito
SSEV10,Edward J. Markey
SSEV10,Benjamin L. Cardin
SSEV10,Bernard Sanders
SSEV10,Sheldon Whitehouse
SSEV10,Jeff Merkley
SSEV10,Debbie Stabenow
SSEV10,Mark Kelly
SSEV10,Alex Padilla
SSEV10,Thomas R. Carper
SSEV10,Pete Ricketts
SSEV10,Kevin Cramer
SSEV10,Cynthia M. Lummis
SSEV10,Markwayne Mullin
SSEV10,Roger F. Wicker
SSEV10,Dan Sullivan
SSEV10,Lindsey Graham
SSEV10,Shelley Moore Capito
SSEV15,Alex Padilla
SSEV15,Benjamin L. Cardin
SSEV15,Sheldon Whitehouse
SSEV15,Edward J. Markey
SSEV15,Debbie Stabenow
SSEV15,Mark Kelly
SSEV15,Thomas R. Carper
SSEV15,Cynthia M. Lummis
SSEV15,Kevin Cramer
SSEV15,Pete Ricketts
SSEV15,John Boozman
SSEV15,Dan Sullivan
SSEV15,Shelley Moore Capito
SSEV08,Mark Kelly
SSEV08,Benjamin L. Cardin
SSEV08,Bernard Sanders
SSEV08,Jeff Merkley
SSEV08,Edward J. Markey
SSEV08,Debbie Stabenow
SSEV08,Alex Padilla
SSEV08,John Fetterman
SSEV08,Thomas R. Carper
SSEV08,Kevin Cramer
SSEV08,Cynthia M. Lummis
SSEV08,Markwayne Mullin
SSEV08,Pete Ricketts
SSEV08,John Boozman
SSEV08,Roger F. Wicker
SSEV08,Lindsey Graham
SSEV08,Shelley Moore Capito
SSFI,Ron Wyden
SSFI,Debbie Stabenow
SSFI,Maria Cantwell
SSFI,Robert Menendez
SSFI,Thomas R. Carper
SSFI,Benjamin L. Cardin
SSFI,Sherrod Brown
SSFI,Michael F. Bennet
SSFI,"Robert P. Casey, Jr."
SSFI,Mark R. Warner
SSFI,Sheldon Whitehouse
SSFI,Margaret Wood Hassan
SSFI,Catherine Cortez Masto
SSFI,Elizabeth Warren
SSFI,Mike Crapo
SSFI,Chuck Grassley
SSFI,John Cornyn
SSFI,John Thune
SSFI,Tim Scott
SSFI,Bill Cassidy
SSFI,James Lankford
SSFI,Steve Daines
SSFI,Todd Young
SSFI,John Barrasso
SSFI,Ron Johnson
SSFI,Thom Tillis
SSFI,Marsha Blackburn
SSFI12,Debbie Stabenow
SSFI12,Ron Wyden
SSFI12,Thomas R. Carper
SSFI12,Michael F. Bennet
SSFI12,Sheldon Whitehouse
SSFI12,Catherine Cortez Masto
SSFI12,James Lankford
SSFI12,John Cornyn
SSFI12,Tim Scott
SSFI12,Steve Daines
SSFI12,John Barrasso
SSFI12,Mike Crapo
SSFI14,Margaret Wood Hassan
SSFI14,Ron Wyden
SSFI14,Chuck Grassley
SSFI14,Mike Crapo
SSFI10,Benjamin L. Cardin
SSFI10,Ron Wyden
SSFI10,Debbie Stabenow
SSFI10,Robert Menendez
SSFI10,Thomas R. Carper
SSFI10,"Robert P. Casey, Jr."
SSFI10,Mark R. Warner
SSFI10,Sheldon Whitehouse
SSFI10,Margaret Wood Hassan
SSFI10,Catherine Cortez Masto
SSFI10,Elizabeth Warren
SSFI10,Steve Daines
SSFI10,Chuck Grassley
SSFI10,John Thune
SSFI10,Tim Scott
SSFI10,Bill Cassidy
SSFI10,James Lankford
SSFI10,Todd Young
SSFI10,John Barrasso
SSFI10,Ron Johnson
SSFI10,Marsha Blackburn
SSFI10,Mike Crapo
SSFI13,Thomas R. Carper
SSFI13,Ron Wyden
SSFI13,Debbie Stabenow
SSFI13,Robert Menendez
SSFI13,Benjamin L. Cardin
SSFI13,Sherrod Brown
SSFI13,Michael F. Bennet
SSFI13,"Robert P. Casey, Jr."
SSFI13,Mark R. Warner
SSFI13,Catherine Cortez Masto
SSFI13,John Cornyn
SSFI13,John Thune
SSFI13,Tim Scott
SSFI13,Bill Cassidy
SSFI13,Steve Daines
SSFI13,Todd Young
SSFI13,John Barrasso
SSFI13,Ron Johnson
SSFI13,Thom Tillis
SSFI13,Mike Crapo
SSFI02,Sherrod Brown
SSFI02,Ron Wyden
SSFI02,"Robert P. Casey, Jr."
SSFI02,Margaret Wood Hassan
SSFI02,Elizabeth Warren
SSFI02,Thom Tillis
SSFI02,Bill Cassidy
SSFI02,Todd Young
SSFI02,Marsha Blackburn
SSFI02,Mike Crapo
SSFI11,Michael F. Bennet
SSFI11,Ron Wyden
SSFI11,Robert Menendez
SSFI11,Benjamin L. Cardin
SSFI11,Mark R. Warner
SSFI11,Sheldon Whitehouse
SSFI11,Elizabeth Warren
SSFI11,John Thune
SSFI11,Chuck Grassley
SSFI11,John Cornyn
SSFI11,James Lankford
SSFI11,Ron Johnson
SSFI11,Marsha Blackburn
SSFI11,Mike Crapo
SSFR,Benjamin L. Cardin
SSFR,Robert Menendez
SSFR,Jeanne Shaheen
SSFR,Christopher A. Coons
SSFR,Christopher Murphy
SSFR,Tim Kaine
SSFR,Jeff Merkley
SSFR,Cory A. Booker
SSFR,Brian Schatz
SSFR,Chris Van Hollen
SSFR,Tammy Duckworth
SSFR,James E. Risch
SSFR,Marco Rubio
SSFR,Mitt Romney
SSFR,Pete Ricketts
SSFR,Rand Paul
SSFR,Todd Young
SSFR,John Barrasso
SSFR,Ted Cruz
SSFR,Bill Hagerty
SSFR,Tim Scott
SSFR09,Cory A. Booker
SSFR09,Christopher A. Coons
SSFR09,Jeff Merkley
SSFR09,Brian Schatz
SSFR09,Chris Van Hollen
SSFR09,Benjamin L. Cardin
SSFR09,Tim Scott
SSFR09,Todd Young
SSFR09,Rand Paul
SSFR09,John Barrasso
SSFR09,James E. Risch
SSFR02,Chris Van Hollen
SSFR02,Jeff Merkley
SSFR02,Brian Schatz
SSFR02,Tammy Duckworth
SSFR02,Christopher A. Coons
SSFR02,Benjamin L. Cardin
SSFR02,Mitt Romney
SSFR02,Tim Scott
SSFR02,Bill Hagerty
SSFR02,Pete Ricketts
SSFR02,James E. Risch
SSFR01,Jeanne Shaheen
SSFR01,Christopher Murphy
SSFR01,Chris Van Hollen
SSFR01,Tammy Duckworth
SSFR01,Benjamin L. Cardin
SSFR01,Pete Ricketts
SSFR01,Rand Paul
SSFR01,John Barrasso
SSFR01,Marco Rubio
SSFR01,James E. Risch
SSFR15,Tammy Duckworth
SSFR15,Christopher A. Coons
SSFR15,Brian Schatz
SSFR15,Jeanne Shaheen
SSFR15,Tim Kaine
SSFR15,Benjamin L. Cardin
SSFR15,John Barrasso
SSFR15,Mitt Romney
SSFR15,Bill Hagerty
SSFR15,Rand Paul
SSFR15,James E. Risch
SSFR07,Christopher Murphy
SSFR07,Benjamin L. Cardin
SSFR07,Jeanne Shaheen
SSFR07,Tim Kaine
SSFR07,Cory A. Booker
SSFR07,Todd Young
SSFR07,Mitt Romney
SSFR07,Ted Cruz
SSFR07,Marco Rubio
SSFR07,James E. Risch
SSFR14,Benjamin L. Cardin
SSFR14,Tim Kaine
SSFR14,Cory A. Booker
SSFR14,Christopher A. Coons
SSFR14,Christopher Murphy
SSFR14,Bill Hagerty
SSFR14,Pete Ricketts
SSFR14,Ted Cruz
SSFR14,Rand Paul
SSFR14,James E. Risch
SSFR06,Tim Kaine
SSFR06,Jeff Merkley
SSFR06,Benjamin L. Cardin
SSFR06,Jeanne Shaheen
SSFR06,Christopher Murphy
SSFR06,Marco Rubio
SSFR06,Ted Cruz
SSFR06,Todd Young
SSFR06,Tim Scott
SSFR06,James E. Risch
SSHR,Bernard Sanders
SSHR,Patty Murray
SSHR,"Robert P. Casey, Jr."
SSHR,Tammy Baldwin
SSHR,Christopher Murphy
SSHR,Tim Kaine
SSHR,Margaret Wood Hassan
SSHR,Tina Smith
SSHR,Ben Ray Luján
SSHR,John W. Hickenlooper
SSHR,Edward J. Markey
SSHR,Bill Cassidy
SSHR,Rand Paul
SSHR,Susan M. Collins
SSHR,Lisa Murkowski
SSHR,Mike Braun
SSHR,Roger Marshall
SSHR,Mitt Romney
SSHR,Tommy Tuberville
SSHR,Markwayne Mullin
SSHR,Ted Budd
SSHR09,"Robert P. Casey, Jr."
SSHR09,Patty Murray
SSHR09,Christopher Murphy
SSHR09,Tim Kaine
SSHR09,Margaret Wood Hassan
SSHR09,Tina Smith
SSHR09,Bernard Sanders
SSHR09,Tommy Tuberville
SSHR09,Rand Paul
SSHR09,Lisa Murkowski
SSHR09,Mitt Romney
SSHR09,Markwayne Mullin
SSHR09,Bill Cassidy
SSHR11,John W. Hickenlooper
SSHR11,"Robert P. Casey, Jr."
SSHR11,Tammy Baldwin
SSHR11,Tim Kaine
SSHR11,Ben Ray Luján
SSHR11,Edward J. Markey
SSHR11,Bernard Sanders
SSHR11,Mike Braun
SSHR11,Roger Marshall
SSHR11,Mitt Romney
SSHR11,Tommy Tuberville
SSHR11,Ted Budd
SSHR11,Bill Cassidy
SSHR12,Edward J. Markey
SSHR12,Patty Murray
SSHR12,Tammy Baldwin
SSHR12,Christopher Murphy
SSHR12,Margaret Wood Hassan
SSHR12,Tina Smith
SSHR12,Ben Ray Luján
SSHR12,John W. Hickenlooper
SSHR12,Bernard Sanders
SSHR12,Roger Marshall
SSHR12,Rand Paul
SSHR12,Susan M. Collins
SSHR12,Lisa Murkowski
SSHR12,Mike Braun
SSHR12,Markwayne Mullin
SSHR12,Ted Budd
SSHR12,Bill Cassidy
SSGA,Gary C. Peters
SSGA,Thomas R. Carper
SSGA,Margaret Wood Hassan
SSGA,Kyrsten Sinema
SSGA,Jacky Rosen
SSGA,Alex Padilla
SSGA,Jon Ossoff
SSGA,Richard Blumenthal
SSGA,Rand Paul
SSGA,Ron Johnson
SSGA,James Lankford
SSGA,Mitt Romney
SSGA,Rick Scott
SSGA,Josh Hawley
SSGA,Roger Marshall
SSGA01,Richard Blumenthal
SSGA01,Thomas R. Carper
SSGA01,Margaret Wood Hassan
SSGA01,Alex Padilla
SSGA01,Jon Ossoff
SSGA01,Gary C. Peters
SSGA01,Ron Johnson
SSGA01,Rick Scott
SSGA01,Josh Hawley
SSGA01,Roger Marshall
SSGA01,Rand Paul
SSGA20,Margaret Wood Hassan
SSGA20,Kyrsten Sinema
SSGA20,Jacky Rosen
SSGA20,Jon Ossoff
SSGA20,Gary C. Peters
SSGA20,Mitt Romney
SSGA20,James Lankford
SSGA20,Rick Scott
SSGA20,Rand Paul
SSGA22,Kyrsten Sinema
SSGA22,Thomas R. Carper
SSGA22,Alex Padilla
SSGA22,Richard Blumenthal
SSGA22,Gary C. Peters
SSGA22,James Lankford
SSGA22,Ron Johnson
SSGA22,Mitt Romney
SSGA22,Rand Paul
SLIA,Brian Schatz
SLIA,Maria Cantwell
SLIA,Jon Tester
SLIA,Catherine Cortez Masto
SLIA,Tina Smith
SLIA,Ben Ray Luján
SLIA,Lisa Murkowski
SLIA,John Hoeven
SLIA,Steve Daines
SLIA,Markwayne Mullin
SLIA,Mike Rounds
SSRA,Amy Klobuchar
SSRA,Charles E. Schumer
SSRA,Mark R. Warner
SSRA,Jeff Merkley
SSRA,Alex Padilla
SSRA,Jon Ossoff
SSRA,Michael F. Bennet
SSRA,Peter Welch
SSRA,Deb Fischer
SSRA,Mitch McConnell
SSRA,Ted Cruz
SSRA,Shelley Moore Capito
SSRA,Roger F. Wicker
SSRA,Cindy Hyde-Smith
SSRA,Bill Hagerty
SSRA,Katie Boyd Britt
SSSB,Jeanne Shaheen
SSSB,Maria Cantwell
SSSB,Benjamin L. Cardin
SSSB,Edward J. Markey
SSSB,Cory A. Booker
SSSB,Christopher A. Coons
SSSB,Mazie K. Hirono
SSSB,Tammy Duckworth
SSSB,Jacky Rosen
SSSB,John W. Hickenlooper
SSSB,Joni Ernst
SSSB,Marco Rubio
SSSB,James E. Risch
SSSB,Rand Paul
SSSB,Tim Scott
SSSB,Todd Young
SSSB,John Kennedy
SSSB,Josh Hawley
SSSB,Ted Budd
SSBU,Sheldon Whitehouse
SSBU,Patty Murray
SSBU,Ron Wyden
SSBU,Debbie Stabenow
SSBU,Bernard Sanders
SSBU,Mark R. Warner
SSBU,Jeff Merkley
SSBU,Tim Kaine
SSBU,Chris Van Hollen
SSBU,Ben Ray Luján
SSBU,Alex Padilla
SSBU,Chuck Grassley
SSBU,Mike Crapo
SSBU,Lindsey Graham
SSBU,Ron Johnson
SSBU,Mitt Romney
SSBU,Roger Marshall
SSBU,Mike Braun
SSBU,John Kennedy
SSBU,Rick Scott
SSBU,Mike Lee
SSJU,Richard J. Durbin
SSJU,Sheldon Whitehouse
SSJU,Amy Klobuchar
SSJU,Christopher A. Coons
SSJU,Richard Blumenthal
SSJU,Mazie K. Hirono
SSJU,Cory A. Booker
SSJU,Alex Padilla
SSJU,Jon Ossoff
SSJU,Peter Welch
SSJU,Lindsey Graham
SSJU,Chuck Grassley
SSJU,John Cornyn
SSJU,Mike Lee
SSJU,Ted Cruz
SSJU,Josh Hawley
SSJU,Tom Cotton
SSJU,John Kennedy
SSJU,Thom Tillis
SSJU,Marsha Blackburn
SSJU01,Amy Klobuchar
SSJU01,Sheldon Whitehouse
SSJU01,Christopher A. Coons
SSJU01,Richard Blumenthal
SSJU01,Mazie K. Hirono
SSJU01,Cory A. Booker
SSJU01,Peter Welch
SSJU01,Mike Lee
SSJU01,Chuck Grassley
SSJU01,Josh Hawley
SSJU01,Tom Cotton
SSJU01,Thom Tillis
SSJU01,Marsha Blackburn
SSJU22,Cory A. Booker
SSJU22,Sheldon Whitehouse
SSJU22,Amy Klobuchar
SSJU22,Christopher A. Coons
SSJU22,Alex Padilla
SSJU22,Jon Ossoff
SSJU22,Tom Cotton
SSJU22,Chuck Grassley
SSJU22,John Cornyn
SSJU22,Mike Lee
SSJU22,Ted Cruz
SSJU22,John Kennedy
SSJU25,Sheldon Whitehouse
SSJU25,Richard Blumenthal
SSJU25,Mazie K. Hirono
SSJU25,Cory A. Booker
SSJU25,Alex Padilla
SSJU25,Peter Welch
SSJU25,John Kennedy
SSJU25,Chuck Grassley
SSJU25,Mike Lee
SSJU25,Ted Cruz
SSJU25,Thom Tillis
SSJU25,Josh Hawley
SSJU27,Jon Ossoff
SSJU27,Richard Blumenthal
SSJU27,Peter Welch
SSJU27,Marsha Blackburn
SSJU27,John Kennedy
SSJU27,Josh Hawley
SSJU04,Alex Padilla
SSJU04,Sheldon Whitehouse
SSJU04,Amy Klobuchar
SSJU04,Christopher A. Coons
SSJU04,Mazie K. Hirono
SSJU04,Cory A. Booker
SSJU04,Peter Welch
SSJU04,John Cornyn
SSJU04,Chuck Grassley
SSJU04,Ted Cruz
SSJU04,Tom Cotton
SSJU04,Thom Tillis
SSJU04,Marsha Blackburn
SSJU26,Christopher A. Coons
SSJU26,Mazie K. Hirono
SSJU26,Alex Padilla
SSJU26,Jon Ossoff
SSJU26,Peter Welch
SSJU26,Thom Tillis
SSJU26,John Cornyn
SSJU26,Tom Cotton
SSJU26,Marsha Blackburn
SSJU28,Richard Blumenthal
SSJU28,Amy Klobuchar
SSJU28,Christopher A. Coons
SSJU28,Mazie K. Hirono
SSJU28,Alex Padilla
SSJU28,Jon Ossoff
SSJU28,Josh Hawley
SSJU28,John Kennedy
SSJU28,Marsha Blackburn
SSJU28,Mike Lee
SSJU28,John Cornyn
SSJU21,Richard Blumenthal
SSJU21,Cory A. Booker
SSJU21,Jon Ossoff
SSJU21,Ted Cruz
SSJU21,John Cornyn
SSJU21,Mike Lee
SSVA,Jon Tester
SSVA,Patty Murray
SSVA,Bernard Sanders
SSVA,Sherrod Brown
SSVA,Richard Blumenthal
SSVA,Mazie K. Hirono
SSVA,"Joe Manchin, III"
SSVA,Kyrsten Sinema
SSVA,Margaret Wood Hassan
SSVA,"Angus S. King, Jr."
SSVA,Jerry Moran
SSVA,John Boozman
SSVA,Bill Cassidy
SSVA,Mike Rounds
SSVA,Thom Tillis
SSVA,Dan Sullivan
SSVA,Marsha Blackburn
SSVA,Kevin Cramer
SSVA,Tommy Tuberville
SLET,Christopher A. Coons
SLET,Brian Schatz
SLET,Jeanne Shaheen
SLET,James Lankford
SLET,James E. Risch
SLET,Deb Fischer
SLIN,Mark R. Warner
SLIN,Ron Wyden
SLIN,Martin Heinrich
SLIN,"Angus S. King, Jr."
SLIN,Michael F. Bennet
SLIN,"Robert P. Casey, Jr."
SLIN,Kirsten E. Gillibrand
SLIN,Jon Ossoff
SLIN,Jack Reed
SLIN,Charles E. Schumer
SLIN,Marco Rubio
SLIN,James E. Risch
SLIN,Susan M. Collins
SLIN,Tom Cotton
SLIN,John Cornyn
SLIN,Jerry Moran
SLIN,James Lankford
SLIN,Mike Rounds
SLIN,Mitch McConnell
SLIN,Roger F. Wicker
SPAG,"Robert P. Casey, Jr."
SPAG,Kirsten E. Gillibrand
SPAG,Richard Blumenthal
SPAG,Elizabeth Warren
SPAG,Mark Kelly
SPAG,Raphael G. Warnock
SPAG,John Fetterman
SPAG,Mike Braun
SPAG,Tim Scott
SPAG,Marco Rubio
SPAG,Rick Scott
SPAG,J.D. Vance
SPAG,Pete Ricketts
SCNC,Sheldon Whitehouse
SCNC,Richard Blumenthal
SCNC,Margaret Wood Hassan
SCNC,Ben Ray Luján
SCNC,Chuck Grassley
SCNC,John Cornyn
SCNC,James E. Risch
JCSE,Benjamin L. Cardin
JCSE,Sheldon Whitehouse
JCSE,Jeanne Shaheen
JCSE,Richard Blumenthal
JCSE,Tina Smith
JCSE,Roger F. Wicker
JCSE,John Boozman
JCSE,Thom Tillis
JCSE,Tim Scott
HLIG01,"Eric A. ""Rick"" Crawford"
HLIG01,André Carson
HLIG01,Elise M. Stefanik
HLIG01,Joaquin Castro
HLIG01,Mike Gallagher
HLIG01,Raja Krishnamoorthi
HLIG01,Austin Scott
HLIG01,Jason Crow
HLIG01,Dan Crenshaw
HLIG01,Michael Waltz
HLIG04,Trent Kelly
HLIG04,Chrissy Houlahan
HLIG04,Brad R. Wenstrup
HLIG04,Jason Crow
HLIG04,"Eric A. ""Rick"" Crawford"
HLIG04,Stacey E. Plaskett
HLIG04,Brian K. Fitzpatrick
HLIG04,Abigail Davis Spanberger
HLIG04,Mike Garcia
HSFA06,Christopher H. Smith
HSFA06,Susan Wild
HSFA06,Maria Elvira Salazar
HSFA06,Ami Bera
HSFA06,Aumua Amata Coleman Radewagen
HSFA06,Sara Jacobs
HSFA06,J. French Hill
HSFA06,Kathy E. Manning
HSFA06,Richard McCormick
HSFA06,John James
HLIG02,Darin LaHood
HLIG02,Josh Gottheimer
HLIG02,Mike Gallagher
HLIG02,Joaquin Castro
HLIG02,Austin Scott
HLIG02,Ami Bera
HLIG02,J. French Hill
HLIG02,Jimmy Gomez
HLIG02,Michael Waltz
HLIG02,Mike Garcia
HSSM22,Marcus J. Molinaro
HSSM22,Morgan McGarvey
HSSM22,Tracey Mann
HSSM22,Shri Thanedar
HSSM22,Maria Elvira Salazar
HSSM22,Chris Pappas
HSSM22,Jake Ellzey
HSSM22,Dean Phillips
HSSM22,Elijah Crane
HSSM22,Judy Chu
HSGO27,Lisa C. McClain
HSGO27,Katie Porter
HSGO27,Paul A. Gosar
HSGO27,Alexandria Ocasio-Cortez
HSGO27,Virginia Foxx
HSGO27,Jimmy Gomez
HSGO27,Glenn Grothman
HSGO27,Greg Casar
HSGO27,Russell Fry
HSGO27,Summer L. Lee
HSGO27,Anna Paulina Luna
HSGO27,Jasmine Crockett
HSGO27,Nicholas A. Langworthy
HSGO27,Eric Burlison
HSGO12,Nancy Mace
HSGO12,Gerald E. Connolly
HSGO12,William R. Timmons IV
HSGO12,Ro Khanna
HSGO12,Tim Burchett
HSGO12,Stephen F. Lynch
HSGO12,Marjorie Taylor Greene
HSGO12,Kweisi Mfume
HSGO12,Anna Paulina Luna
HSGO12,Jimmy Gomez
HSGO12,Chuck Edwards
HSGO12,Jared Moskowitz
HSGO12,Nicholas A. Langworthy
HSGO12,Eric Burlison
HLIG09,Jimmy Gomez
HSSM21,Wesley Hunt
HSSM21,Marie Gluesenkamp Perez
HSSM21,Blaine Luetkemeyer
HSSM21,Jared F. Golden
HSSM21,Pete Stauber
HSSM21,Hillary J. Scholten
HSSM21,Daniel Meuser
HSSM21,Greg Landsman
HSSM21,Tracey Mann
HSBA10,Blaine Luetkemeyer
HSBA10,Joyce Beatty
HSBA10,Andy Barr
HSBA10,Vicente Gonzalez
HSBA10,Roger Williams
HSBA10,Wiley Nickel
HSBA10,Barry Loudermilk
HSBA10,Brittany Pettersen
HSBA10,Daniel Meuser
HSBA10,Bill Foster
HSBA10,Young Kim
HSBA10,Juan Vargas
HSBA10,Zachary Nunn
HSBA10,Josh Gottheimer
HSBA10,Monica De La Cruz
HSBA10,Andrew Ogles
